Command line invocation:
    /Applications/Xcode.app/Contents/Developer/usr/bin/xcodebuild -workspace VarsityHub.xcworkspace -scheme VarsityHub -configuration Debug clean build

--- xcodebuild: WARNING: Using the first of multiple matching destinations:
{ platform:macOS, arch:arm64, variant:Designed for [iPad,iPhone], id:00006000-001250EC0CD8801E, name:My Mac }
{ platform:iOS, id:dvtdevice-DVTiPhonePlaceholder-iphoneos:placeholder, name:Any iOS Device }
{ platform:iOS Simulator, id:dvtdevice-DVTiOSDeviceSimulatorPlaceholder-iphonesimulator:placeholder, name:Any iOS Simulator Device }
{ platform:iOS Simulator, arch:arm64, id:0A992FF5-AB36-404E-9746-4455A371E5FA, OS:18.6, name:iPad (A16) }
{ platform:iOS Simulator, arch:x86_64, id:0A992FF5-AB36-404E-9746-4455A371E5FA, OS:18.6, name:iPad (A16) }
{ platform:iOS Simulator, arch:arm64, id:8A2FF0E2-996F-4513-BEA2-CEF2EE4B58D1, OS:26.0.1, name:iPad (A16) }
{ platform:iOS Simulator, arch:arm64, id:D24FB200-4053-47F2-AFEF-CC1ACFB92545, OS:26.1, name:iPad (A16) }
{ platform:iOS Simulator, arch:arm64, id:953F9083-3D1F-4076-BEBC-49D7F657EC1B, OS:18.6, name:iPad Air 11-inch (M3) }
{ platform:iOS Simulator, arch:x86_64, id:953F9083-3D1F-4076-BEBC-49D7F657EC1B, OS:18.6, name:iPad Air 11-inch (M3) }
{ platform:iOS Simulator, arch:arm64, id:CA52E5BD-614A-41EA-9F3C-B4661586979F, OS:26.0.1, name:iPad Air 11-inch (M3) }
{ platform:iOS Simulator, arch:arm64, id:C70CAFEA-5C18-4279-B512-F45E1AC39069, OS:26.1, name:iPad Air 11-inch (M3) }
{ platform:iOS Simulator, arch:arm64, id:D2308660-546E-46C0-B31C-0AE4D48D46BB, OS:18.6, name:iPad Air 13-inch (M3) }
{ platform:iOS Simulator, arch:x86_64, id:D2308660-546E-46C0-B31C-0AE4D48D46BB, OS:18.6, name:iPad Air 13-inch (M3) }
{ platform:iOS Simulator, arch:arm64, id:641796C7-B998-45E9-9F61-AB46DD3F6851, OS:26.0.1, name:iPad Air 13-inch (M3) }
{ platform:iOS Simulator, arch:arm64, id:B74166FD-080A-49A2-8D04-E76948379145, OS:26.1, name:iPad Air 13-inch (M3) }
{ platform:iOS Simulator, arch:arm64, id:F5798432-D86B-4284-B3A4-160E6C0EBCDD, OS:18.6, name:iPad Pro 11-inch (M4) }
{ platform:iOS Simulator, arch:x86_64, id:F5798432-D86B-4284-B3A4-160E6C0EBCDD, OS:18.6, name:iPad Pro 11-inch (M4) }
{ platform:iOS Simulator, arch:arm64, id:1D3A06E3-7D24-4C73-9AFF-8D0E273846B3, OS:26.0.1, name:iPad Pro 11-inch (M4) }
{ platform:iOS Simulator, arch:arm64, id:B340F8DF-3BBF-4208-A3D2-564473324824, OS:26.0.1, name:iPad Pro 11-inch (M5) }
{ platform:iOS Simulator, arch:arm64, id:848733DE-6383-4068-864E-23403AD5382D, OS:26.1, name:iPad Pro 11-inch (M5) }
{ platform:iOS Simulator, arch:arm64, id:F5E57591-FCA5-4DC7-8A26-A176AE494146, OS:18.6, name:iPad Pro 13-inch (M4) }
{ platform:iOS Simulator, arch:x86_64, id:F5E57591-FCA5-4DC7-8A26-A176AE494146, OS:18.6, name:iPad Pro 13-inch (M4) }
{ platform:iOS Simulator, arch:arm64, id:70CED7F1-5006-48B7-891A-58E2DC99D944, OS:26.0.1, name:iPad Pro 13-inch (M4) }
{ platform:iOS Simulator, arch:arm64, id:694218F8-29E6-41AD-8750-310345BE3940, OS:26.0.1, name:iPad Pro 13-inch (M5) }
{ platform:iOS Simulator, arch:arm64, id:9495CF90-82FA-4746-922D-D4123040F6CE, OS:26.1, name:iPad Pro 13-inch (M5) }
{ platform:iOS Simulator, arch:arm64, id:FAADB697-40C2-4E42-896C-2B86ABCAD5E8, OS:18.6, name:iPad mini (A17 Pro) }
{ platform:iOS Simulator, arch:x86_64, id:FAADB697-40C2-4E42-896C-2B86ABCAD5E8, OS:18.6, name:iPad mini (A17 Pro) }
{ platform:iOS Simulator, arch:arm64, id:94E515E0-F0F3-46A4-A695-A3CD19376861, OS:26.0.1, name:iPad mini (A17 Pro) }
{ platform:iOS Simulator, arch:arm64, id:EC49CB26-99F1-45A8-86FF-988AF2DE2E39, OS:26.1, name:iPad mini (A17 Pro) }
{ platform:iOS Simulator, arch:arm64, id:9B40E04F-E7AC-4F2B-864E-C67903B99A8A, OS:18.6, name:iPhone 16 }
{ platform:iOS Simulator, arch:x86_64, id:9B40E04F-E7AC-4F2B-864E-C67903B99A8A, OS:18.6, name:iPhone 16 }
{ platform:iOS Simulator, arch:arm64, id:4703FAC2-ACA8-4A24-8ADA-AB33D2C0DAE4, OS:18.6, name:iPhone 16 Plus }
{ platform:iOS Simulator, arch:x86_64, id:4703FAC2-ACA8-4A24-8ADA-AB33D2C0DAE4, OS:18.6, name:iPhone 16 Plus }
{ platform:iOS Simulator, arch:arm64, id:D6744356-E35C-4030-A8C1-6987CC640E21, OS:18.6, name:iPhone 16 Pro }
{ platform:iOS Simulator, arch:x86_64, id:D6744356-E35C-4030-A8C1-6987CC640E21, OS:18.6, name:iPhone 16 Pro }
{ platform:iOS Simulator, arch:arm64, id:4A69B8F4-2756-41D0-BFB6-4B482B53496D, OS:18.6, name:iPhone 16 Pro Max }
{ platform:iOS Simulator, arch:x86_64, id:4A69B8F4-2756-41D0-BFB6-4B482B53496D, OS:18.6, name:iPhone 16 Pro Max }
{ platform:iOS Simulator, arch:arm64, id:E9789E62-44DB-46DB-8CC7-1E671E1966C1, OS:18.6, name:iPhone 16e }
{ platform:iOS Simulator, arch:x86_64, id:E9789E62-44DB-46DB-8CC7-1E671E1966C1, OS:18.6, name:iPhone 16e }
{ platform:iOS Simulator, arch:arm64, id:2EF7A7C7-20AC-468C-8BDF-70A73D1E4C56, OS:26.0.1, name:iPhone 16e }
{ platform:iOS Simulator, arch:arm64, id:653DA72F-D14D-40EE-8A4A-144FBDAC3FBB, OS:26.1, name:iPhone 16e }
{ platform:iOS Simulator, arch:arm64, id:927301B5-6F2D-4358-90F5-6E8188A5CEA6, OS:26.0.1, name:iPhone 17 }
{ platform:iOS Simulator, arch:arm64, id:D9DDC9E2-5009-469B-BDC9-5C0F9711E9A2, OS:26.1, name:iPhone 17 }
{ platform:iOS Simulator, arch:arm64, id:60093881-2B6F-4D71-8A99-2CCDCA7FCD7C, OS:26.0.1, name:iPhone 17 Pro }
{ platform:iOS Simulator, arch:arm64, id:9B37E656-C5F6-4DE5-9360-383F94472C94, OS:26.1, name:iPhone 17 Pro }
{ platform:iOS Simulator, arch:arm64, id:C79E0153-CA5A-436E-8536-F00263A7A95D, OS:26.0.1, name:iPhone 17 Pro Max }
{ platform:iOS Simulator, arch:arm64, id:9F08751D-BA57-455B-886F-E16A723FE0CD, OS:26.1, name:iPhone 17 Pro Max }
{ platform:iOS Simulator, arch:arm64, id:967BC5C9-2206-4712-9641-EE45334E77EB, OS:26.0.1, name:iPhone Air }
{ platform:iOS Simulator, arch:arm64, id:6697C47D-5E31-4A54-AA4B-B62D850ED182, OS:26.1, name:iPhone Air }
{ platform:iOS, arch:arm64, id:00008120-000A19E81A33401E, name:Emil’s iPhone }
CreateBuildRequest

SendProjectDescription

CreateBuildOperation

** CLEAN SUCCEEDED **

--- xcodebuild: WARNING: Using the first of multiple matching destinations:
{ platform:macOS, arch:arm64, variant:Designed for [iPad,iPhone], id:00006000-001250EC0CD8801E, name:My Mac }
{ platform:iOS, id:dvtdevice-DVTiPhonePlaceholder-iphoneos:placeholder, name:Any iOS Device }
{ platform:iOS Simulator, id:dvtdevice-DVTiOSDeviceSimulatorPlaceholder-iphonesimulator:placeholder, name:Any iOS Simulator Device }
{ platform:iOS Simulator, arch:arm64, id:0A992FF5-AB36-404E-9746-4455A371E5FA, OS:18.6, name:iPad (A16) }
{ platform:iOS Simulator, arch:x86_64, id:0A992FF5-AB36-404E-9746-4455A371E5FA, OS:18.6, name:iPad (A16) }
{ platform:iOS Simulator, arch:arm64, id:8A2FF0E2-996F-4513-BEA2-CEF2EE4B58D1, OS:26.0.1, name:iPad (A16) }
{ platform:iOS Simulator, arch:arm64, id:D24FB200-4053-47F2-AFEF-CC1ACFB92545, OS:26.1, name:iPad (A16) }
{ platform:iOS Simulator, arch:arm64, id:953F9083-3D1F-4076-BEBC-49D7F657EC1B, OS:18.6, name:iPad Air 11-inch (M3) }
{ platform:iOS Simulator, arch:x86_64, id:953F9083-3D1F-4076-BEBC-49D7F657EC1B, OS:18.6, name:iPad Air 11-inch (M3) }
{ platform:iOS Simulator, arch:arm64, id:CA52E5BD-614A-41EA-9F3C-B4661586979F, OS:26.0.1, name:iPad Air 11-inch (M3) }
{ platform:iOS Simulator, arch:arm64, id:C70CAFEA-5C18-4279-B512-F45E1AC39069, OS:26.1, name:iPad Air 11-inch (M3) }
{ platform:iOS Simulator, arch:arm64, id:D2308660-546E-46C0-B31C-0AE4D48D46BB, OS:18.6, name:iPad Air 13-inch (M3) }
{ platform:iOS Simulator, arch:x86_64, id:D2308660-546E-46C0-B31C-0AE4D48D46BB, OS:18.6, name:iPad Air 13-inch (M3) }
{ platform:iOS Simulator, arch:arm64, id:641796C7-B998-45E9-9F61-AB46DD3F6851, OS:26.0.1, name:iPad Air 13-inch (M3) }
{ platform:iOS Simulator, arch:arm64, id:B74166FD-080A-49A2-8D04-E76948379145, OS:26.1, name:iPad Air 13-inch (M3) }
{ platform:iOS Simulator, arch:arm64, id:F5798432-D86B-4284-B3A4-160E6C0EBCDD, OS:18.6, name:iPad Pro 11-inch (M4) }
{ platform:iOS Simulator, arch:x86_64, id:F5798432-D86B-4284-B3A4-160E6C0EBCDD, OS:18.6, name:iPad Pro 11-inch (M4) }
{ platform:iOS Simulator, arch:arm64, id:1D3A06E3-7D24-4C73-9AFF-8D0E273846B3, OS:26.0.1, name:iPad Pro 11-inch (M4) }
{ platform:iOS Simulator, arch:arm64, id:B340F8DF-3BBF-4208-A3D2-564473324824, OS:26.0.1, name:iPad Pro 11-inch (M5) }
{ platform:iOS Simulator, arch:arm64, id:848733DE-6383-4068-864E-23403AD5382D, OS:26.1, name:iPad Pro 11-inch (M5) }
{ platform:iOS Simulator, arch:arm64, id:F5E57591-FCA5-4DC7-8A26-A176AE494146, OS:18.6, name:iPad Pro 13-inch (M4) }
{ platform:iOS Simulator, arch:x86_64, id:F5E57591-FCA5-4DC7-8A26-A176AE494146, OS:18.6, name:iPad Pro 13-inch (M4) }
{ platform:iOS Simulator, arch:arm64, id:70CED7F1-5006-48B7-891A-58E2DC99D944, OS:26.0.1, name:iPad Pro 13-inch (M4) }
{ platform:iOS Simulator, arch:arm64, id:694218F8-29E6-41AD-8750-310345BE3940, OS:26.0.1, name:iPad Pro 13-inch (M5) }
{ platform:iOS Simulator, arch:arm64, id:9495CF90-82FA-4746-922D-D4123040F6CE, OS:26.1, name:iPad Pro 13-inch (M5) }
{ platform:iOS Simulator, arch:arm64, id:FAADB697-40C2-4E42-896C-2B86ABCAD5E8, OS:18.6, name:iPad mini (A17 Pro) }
{ platform:iOS Simulator, arch:x86_64, id:FAADB697-40C2-4E42-896C-2B86ABCAD5E8, OS:18.6, name:iPad mini (A17 Pro) }
{ platform:iOS Simulator, arch:arm64, id:94E515E0-F0F3-46A4-A695-A3CD19376861, OS:26.0.1, name:iPad mini (A17 Pro) }
{ platform:iOS Simulator, arch:arm64, id:EC49CB26-99F1-45A8-86FF-988AF2DE2E39, OS:26.1, name:iPad mini (A17 Pro) }
{ platform:iOS Simulator, arch:arm64, id:9B40E04F-E7AC-4F2B-864E-C67903B99A8A, OS:18.6, name:iPhone 16 }
{ platform:iOS Simulator, arch:x86_64, id:9B40E04F-E7AC-4F2B-864E-C67903B99A8A, OS:18.6, name:iPhone 16 }
{ platform:iOS Simulator, arch:arm64, id:4703FAC2-ACA8-4A24-8ADA-AB33D2C0DAE4, OS:18.6, name:iPhone 16 Plus }
{ platform:iOS Simulator, arch:x86_64, id:4703FAC2-ACA8-4A24-8ADA-AB33D2C0DAE4, OS:18.6, name:iPhone 16 Plus }
{ platform:iOS Simulator, arch:arm64, id:D6744356-E35C-4030-A8C1-6987CC640E21, OS:18.6, name:iPhone 16 Pro }
{ platform:iOS Simulator, arch:x86_64, id:D6744356-E35C-4030-A8C1-6987CC640E21, OS:18.6, name:iPhone 16 Pro }
{ platform:iOS Simulator, arch:arm64, id:4A69B8F4-2756-41D0-BFB6-4B482B53496D, OS:18.6, name:iPhone 16 Pro Max }
{ platform:iOS Simulator, arch:x86_64, id:4A69B8F4-2756-41D0-BFB6-4B482B53496D, OS:18.6, name:iPhone 16 Pro Max }
{ platform:iOS Simulator, arch:arm64, id:E9789E62-44DB-46DB-8CC7-1E671E1966C1, OS:18.6, name:iPhone 16e }
{ platform:iOS Simulator, arch:x86_64, id:E9789E62-44DB-46DB-8CC7-1E671E1966C1, OS:18.6, name:iPhone 16e }
{ platform:iOS Simulator, arch:arm64, id:2EF7A7C7-20AC-468C-8BDF-70A73D1E4C56, OS:26.0.1, name:iPhone 16e }
{ platform:iOS Simulator, arch:arm64, id:653DA72F-D14D-40EE-8A4A-144FBDAC3FBB, OS:26.1, name:iPhone 16e }
{ platform:iOS Simulator, arch:arm64, id:927301B5-6F2D-4358-90F5-6E8188A5CEA6, OS:26.0.1, name:iPhone 17 }
{ platform:iOS Simulator, arch:arm64, id:D9DDC9E2-5009-469B-BDC9-5C0F9711E9A2, OS:26.1, name:iPhone 17 }
{ platform:iOS Simulator, arch:arm64, id:60093881-2B6F-4D71-8A99-2CCDCA7FCD7C, OS:26.0.1, name:iPhone 17 Pro }
{ platform:iOS Simulator, arch:arm64, id:9B37E656-C5F6-4DE5-9360-383F94472C94, OS:26.1, name:iPhone 17 Pro }
{ platform:iOS Simulator, arch:arm64, id:C79E0153-CA5A-436E-8536-F00263A7A95D, OS:26.0.1, name:iPhone 17 Pro Max }
{ platform:iOS Simulator, arch:arm64, id:9F08751D-BA57-455B-886F-E16A723FE0CD, OS:26.1, name:iPhone 17 Pro Max }
{ platform:iOS Simulator, arch:arm64, id:967BC5C9-2206-4712-9641-EE45334E77EB, OS:26.0.1, name:iPhone Air }
{ platform:iOS Simulator, arch:arm64, id:6697C47D-5E31-4A54-AA4B-B62D850ED182, OS:26.1, name:iPhone Air }
{ platform:iOS, arch:arm64, id:00008120-000A19E81A33401E, name:Emil’s iPhone }
ComputePackagePrebuildTargetDependencyGraph

Prepare packages

CreateBuildRequest

SendProjectDescription

CreateBuildOperation

ComputeTargetDependencyGraph
note: Building targets in dependency order
note: Target dependency graph (167 targets)
    Target 'VarsityHub' in project 'VarsityHub'
        ➜ Implicit dependency on target 'Pods-VarsityHub' in project 'Pods' via file 'libPods-VarsityHub.a' in build phase 'Link Binary'
        ➜ Implicit dependency on target 'DoubleConversion' in project 'Pods' via options '-lDoubleConversion' in build setting 'OTHER_LDFLAGS'
        ➜ Implicit dependency on target 'EASClient' in project 'Pods' via options '-lEASClient' in build setting 'OTHER_LDFLAGS'
        ➜ Implicit dependency on target 'EXApplication' in project 'Pods' via options '-lEXApplication' in build setting 'OTHER_LDFLAGS'
        ➜ Implicit dependency on target 'EXConstants' in project 'Pods' via options '-lEXConstants' in build setting 'OTHER_LDFLAGS'
        ➜ Implicit dependency on target 'EXImageLoader' in project 'Pods' via options '-lEXImageLoader' in build setting 'OTHER_LDFLAGS'
        ➜ Implicit dependency on target 'EXJSONUtils' in project 'Pods' via options '-lEXJSONUtils' in build setting 'OTHER_LDFLAGS'
        ➜ Implicit dependency on target 'EXManifests' in project 'Pods' via options '-lEXManifests' in build setting 'OTHER_LDFLAGS'
        ➜ Implicit dependency on target 'EXNotifications' in project 'Pods' via options '-lEXNotifications' in build setting 'OTHER_LDFLAGS'
        ➜ Implicit dependency on target 'EXStructuredHeaders' in project 'Pods' via options '-lEXStructuredHeaders' in build setting 'OTHER_LDFLAGS'
        ➜ Implicit dependency on target 'EXUpdates' in project 'Pods' via options '-lEXUpdates' in build setting 'OTHER_LDFLAGS'
        ➜ Implicit dependency on target 'EXUpdatesInterface' in project 'Pods' via options '-lEXUpdatesInterface' in build setting 'OTHER_LDFLAGS'
        ➜ Implicit dependency on target 'Expo' in project 'Pods' via options '-lExpo' in build setting 'OTHER_LDFLAGS'
        ➜ Implicit dependency on target 'ExpoAppleAuthentication' in project 'Pods' via options '-lExpoAppleAuthentication' in build setting 'OTHER_LDFLAGS'
        ➜ Implicit dependency on target 'ExpoAsset' in project 'Pods' via options '-lExpoAsset' in build setting 'OTHER_LDFLAGS'
        ➜ Implicit dependency on target 'ExpoAudio' in project 'Pods' via options '-lExpoAudio' in build setting 'OTHER_LDFLAGS'
        ➜ Implicit dependency on target 'ExpoBlur' in project 'Pods' via options '-lExpoBlur' in build setting 'OTHER_LDFLAGS'
        ➜ Implicit dependency on target 'ExpoClipboard' in project 'Pods' via options '-lExpoClipboard' in build setting 'OTHER_LDFLAGS'
        ➜ Implicit dependency on target 'ExpoCrypto' in project 'Pods' via options '-lExpoCrypto' in build setting 'OTHER_LDFLAGS'
        ➜ Implicit dependency on target 'ExpoDevice' in project 'Pods' via options '-lExpoDevice' in build setting 'OTHER_LDFLAGS'
        ➜ Implicit dependency on target 'ExpoDocumentPicker' in project 'Pods' via options '-lExpoDocumentPicker' in build setting 'OTHER_LDFLAGS'
        ➜ Implicit dependency on target 'ExpoFileSystem' in project 'Pods' via options '-lExpoFileSystem' in build setting 'OTHER_LDFLAGS'
        ➜ Implicit dependency on target 'ExpoFont' in project 'Pods' via options '-lExpoFont' in build setting 'OTHER_LDFLAGS'
        ➜ Implicit dependency on target 'ExpoHaptics' in project 'Pods' via options '-lExpoHaptics' in build setting 'OTHER_LDFLAGS'
        ➜ Implicit dependency on target 'ExpoHead' in project 'Pods' via options '-lExpoHead' in build setting 'OTHER_LDFLAGS'
        ➜ Implicit dependency on target 'ExpoImage' in project 'Pods' via options '-lExpoImage' in build setting 'OTHER_LDFLAGS'
        ➜ Implicit dependency on target 'ExpoImageManipulator' in project 'Pods' via options '-lExpoImageManipulator' in build setting 'OTHER_LDFLAGS'
        ➜ Implicit dependency on target 'ExpoImagePicker' in project 'Pods' via options '-lExpoImagePicker' in build setting 'OTHER_LDFLAGS'
        ➜ Implicit dependency on target 'ExpoKeepAwake' in project 'Pods' via options '-lExpoKeepAwake' in build setting 'OTHER_LDFLAGS'
        ➜ Implicit dependency on target 'ExpoLinearGradient' in project 'Pods' via options '-lExpoLinearGradient' in build setting 'OTHER_LDFLAGS'
        ➜ Implicit dependency on target 'ExpoLinking' in project 'Pods' via options '-lExpoLinking' in build setting 'OTHER_LDFLAGS'
        ➜ Implicit dependency on target 'ExpoLocation' in project 'Pods' via options '-lExpoLocation' in build setting 'OTHER_LDFLAGS'
        ➜ Implicit dependency on target 'ExpoMediaLibrary' in project 'Pods' via options '-lExpoMediaLibrary' in build setting 'OTHER_LDFLAGS'
        ➜ Implicit dependency on target 'ExpoModulesCore' in project 'Pods' via options '-lExpoModulesCore' in build setting 'OTHER_LDFLAGS'
        ➜ Implicit dependency on target 'ExpoSecureStore' in project 'Pods' via options '-lExpoSecureStore' in build setting 'OTHER_LDFLAGS'
        ➜ Implicit dependency on target 'ExpoSplashScreen' in project 'Pods' via options '-lExpoSplashScreen' in build setting 'OTHER_LDFLAGS'
        ➜ Implicit dependency on target 'ExpoSymbols' in project 'Pods' via options '-lExpoSymbols' in build setting 'OTHER_LDFLAGS'
        ➜ Implicit dependency on target 'ExpoSystemUI' in project 'Pods' via options '-lExpoSystemUI' in build setting 'OTHER_LDFLAGS'
        ➜ Implicit dependency on target 'ExpoVideo' in project 'Pods' via options '-lExpoVideo' in build setting 'OTHER_LDFLAGS'
        ➜ Implicit dependency on target 'ExpoWebBrowser' in project 'Pods' via options '-lExpoWebBrowser' in build setting 'OTHER_LDFLAGS'
        ➜ Implicit dependency on target 'Google-Maps-iOS-Utils' in project 'Pods' via options '-lGoogle-Maps-iOS-Utils' in build setting 'OTHER_LDFLAGS'
        ➜ Implicit dependency on target 'RCT-Folly' in project 'Pods' via options '-lRCT-Folly' in build setting 'OTHER_LDFLAGS'
        ➜ Implicit dependency on target 'RCTDeprecation' in project 'Pods' via options '-lRCTDeprecation' in build setting 'OTHER_LDFLAGS'
        ➜ Implicit dependency on target 'RCTTypeSafety' in project 'Pods' via options '-lRCTTypeSafety' in build setting 'OTHER_LDFLAGS'
        ➜ Implicit dependency on target 'RNCAsyncStorage' in project 'Pods' via options '-lRNCAsyncStorage' in build setting 'OTHER_LDFLAGS'
        ➜ Implicit dependency on target 'RNCPicker' in project 'Pods' via options '-lRNCPicker' in build setting 'OTHER_LDFLAGS'
        ➜ Implicit dependency on target 'RNDateTimePicker' in project 'Pods' via options '-lRNDateTimePicker' in build setting 'OTHER_LDFLAGS'
        ➜ Implicit dependency on target 'RNGestureHandler' in project 'Pods' via options '-lRNGestureHandler' in build setting 'OTHER_LDFLAGS'
        ➜ Implicit dependency on target 'RNReanimated' in project 'Pods' via options '-lRNReanimated' in build setting 'OTHER_LDFLAGS'
        ➜ Implicit dependency on target 'RNScreens' in project 'Pods' via options '-lRNScreens' in build setting 'OTHER_LDFLAGS'
        ➜ Implicit dependency on target 'RNSentry' in project 'Pods' via options '-lRNSentry' in build setting 'OTHER_LDFLAGS'
        ➜ Implicit dependency on target 'RNWorklets' in project 'Pods' via options '-lRNWorklets' in build setting 'OTHER_LDFLAGS'
        ➜ Implicit dependency on target 'ReachabilitySwift' in project 'Pods' via options '-lReachabilitySwift' in build setting 'OTHER_LDFLAGS'
        ➜ Implicit dependency on target 'React-Core' in project 'Pods' via options '-lReact-Core' in build setting 'OTHER_LDFLAGS'
        ➜ Implicit dependency on target 'React-CoreModules' in project 'Pods' via options '-lReact-CoreModules' in build setting 'OTHER_LDFLAGS'
        ➜ Implicit dependency on target 'React-Fabric' in project 'Pods' via options '-lReact-Fabric' in build setting 'OTHER_LDFLAGS'
        ➜ Implicit dependency on target 'React-FabricComponents' in project 'Pods' via options '-lReact-FabricComponents' in build setting 'OTHER_LDFLAGS'
        ➜ Implicit dependency on target 'React-FabricImage' in project 'Pods' via options '-lReact-FabricImage' in build setting 'OTHER_LDFLAGS'
        ➜ Implicit dependency on target 'React-ImageManager' in project 'Pods' via options '-lReact-ImageManager' in build setting 'OTHER_LDFLAGS'
        ➜ Implicit dependency on target 'React-Mapbuffer' in project 'Pods' via options '-lReact-Mapbuffer' in build setting 'OTHER_LDFLAGS'
        ➜ Implicit dependency on target 'React-NativeModulesApple' in project 'Pods' via options '-lReact-NativeModulesApple' in build setting 'OTHER_LDFLAGS'
        ➜ Implicit dependency on target 'React-RCTAnimation' in project 'Pods' via options '-lReact-RCTAnimation' in build setting 'OTHER_LDFLAGS'
        ➜ Implicit dependency on target 'React-RCTAppDelegate' in project 'Pods' via options '-lReact-RCTAppDelegate' in build setting 'OTHER_LDFLAGS'
        ➜ Implicit dependency on target 'React-RCTBlob' in project 'Pods' via options '-lReact-RCTBlob' in build setting 'OTHER_LDFLAGS'
        ➜ Implicit dependency on target 'React-RCTFBReactNativeSpec' in project 'Pods' via options '-lReact-RCTFBReactNativeSpec' in build setting 'OTHER_LDFLAGS'
        ➜ Implicit dependency on target 'React-RCTFabric' in project 'Pods' via options '-lReact-RCTFabric' in build setting 'OTHER_LDFLAGS'
        ➜ Implicit dependency on target 'React-RCTImage' in project 'Pods' via options '-lReact-RCTImage' in build setting 'OTHER_LDFLAGS'
        ➜ Implicit dependency on target 'React-RCTLinking' in project 'Pods' via options '-lReact-RCTLinking' in build setting 'OTHER_LDFLAGS'
        ➜ Implicit dependency on target 'React-RCTNetwork' in project 'Pods' via options '-lReact-RCTNetwork' in build setting 'OTHER_LDFLAGS'
        ➜ Implicit dependency on target 'React-RCTRuntime' in project 'Pods' via options '-lReact-RCTRuntime' in build setting 'OTHER_LDFLAGS'
        ➜ Implicit dependency on target 'React-RCTSettings' in project 'Pods' via options '-lReact-RCTSettings' in build setting 'OTHER_LDFLAGS'
        ➜ Implicit dependency on target 'React-RCTText' in project 'Pods' via options '-lReact-RCTText' in build setting 'OTHER_LDFLAGS'
        ➜ Implicit dependency on target 'React-RCTVibration' in project 'Pods' via options '-lReact-RCTVibration' in build setting 'OTHER_LDFLAGS'
        ➜ Implicit dependency on target 'React-RuntimeApple' in project 'Pods' via options '-lReact-RuntimeApple' in build setting 'OTHER_LDFLAGS'
        ➜ Implicit dependency on target 'React-RuntimeCore' in project 'Pods' via options '-lReact-RuntimeCore' in build setting 'OTHER_LDFLAGS'
        ➜ Implicit dependency on target 'React-RuntimeHermes' in project 'Pods' via options '-lReact-RuntimeHermes' in build setting 'OTHER_LDFLAGS'
        ➜ Implicit dependency on target 'React-cxxreact' in project 'Pods' via options '-lReact-cxxreact' in build setting 'OTHER_LDFLAGS'
        ➜ Implicit dependency on target 'React-debug' in project 'Pods' via options '-lReact-debug' in build setting 'OTHER_LDFLAGS'
        ➜ Implicit dependency on target 'React-defaultsnativemodule' in project 'Pods' via options '-lReact-defaultsnativemodule' in build setting 'OTHER_LDFLAGS'
        ➜ Implicit dependency on target 'React-domnativemodule' in project 'Pods' via options '-lReact-domnativemodule' in build setting 'OTHER_LDFLAGS'
        ➜ Implicit dependency on target 'React-featureflags' in project 'Pods' via options '-lReact-featureflags' in build setting 'OTHER_LDFLAGS'
        ➜ Implicit dependency on target 'React-featureflagsnativemodule' in project 'Pods' via options '-lReact-featureflagsnativemodule' in build setting 'OTHER_LDFLAGS'
        ➜ Implicit dependency on target 'React-graphics' in project 'Pods' via options '-lReact-graphics' in build setting 'OTHER_LDFLAGS'
        ➜ Implicit dependency on target 'React-hermes' in project 'Pods' via options '-lReact-hermes' in build setting 'OTHER_LDFLAGS'
        ➜ Implicit dependency on target 'React-idlecallbacksnativemodule' in project 'Pods' via options '-lReact-idlecallbacksnativemodule' in build setting 'OTHER_LDFLAGS'
        ➜ Implicit dependency on target 'React-jserrorhandler' in project 'Pods' via options '-lReact-jserrorhandler' in build setting 'OTHER_LDFLAGS'
        ➜ Implicit dependency on target 'React-jsi' in project 'Pods' via options '-lReact-jsi' in build setting 'OTHER_LDFLAGS'
        ➜ Implicit dependency on target 'React-jsiexecutor' in project 'Pods' via options '-lReact-jsiexecutor' in build setting 'OTHER_LDFLAGS'
        ➜ Implicit dependency on target 'React-jsinspector' in project 'Pods' via options '-lReact-jsinspector' in build setting 'OTHER_LDFLAGS'
        ➜ Implicit dependency on target 'React-jsinspectorcdp' in project 'Pods' via options '-lReact-jsinspectorcdp' in build setting 'OTHER_LDFLAGS'
        ➜ Implicit dependency on target 'React-jsinspectornetwork' in project 'Pods' via options '-lReact-jsinspectornetwork' in build setting 'OTHER_LDFLAGS'
        ➜ Implicit dependency on target 'React-jsinspectortracing' in project 'Pods' via options '-lReact-jsinspectortracing' in build setting 'OTHER_LDFLAGS'
        ➜ Implicit dependency on target 'React-jsitooling' in project 'Pods' via options '-lReact-jsitooling' in build setting 'OTHER_LDFLAGS'
        ➜ Implicit dependency on target 'React-logger' in project 'Pods' via options '-lReact-logger' in build setting 'OTHER_LDFLAGS'
        ➜ Implicit dependency on target 'React-microtasksnativemodule' in project 'Pods' via options '-lReact-microtasksnativemodule' in build setting 'OTHER_LDFLAGS'
        ➜ Implicit dependency on target 'React-oscompat' in project 'Pods' via options '-lReact-oscompat' in build setting 'OTHER_LDFLAGS'
        ➜ Implicit dependency on target 'React-perflogger' in project 'Pods' via options '-lReact-perflogger' in build setting 'OTHER_LDFLAGS'
        ➜ Implicit dependency on target 'React-performancetimeline' in project 'Pods' via options '-lReact-performancetimeline' in build setting 'OTHER_LDFLAGS'
        ➜ Implicit dependency on target 'React-rendererconsistency' in project 'Pods' via options '-lReact-rendererconsistency' in build setting 'OTHER_LDFLAGS'
        ➜ Implicit dependency on target 'React-renderercss' in project 'Pods' via options '-lReact-renderercss' in build setting 'OTHER_LDFLAGS'
        ➜ Implicit dependency on target 'React-rendererdebug' in project 'Pods' via options '-lReact-rendererdebug' in build setting 'OTHER_LDFLAGS'
        ➜ Implicit dependency on target 'React-runtimeexecutor' in project 'Pods' via options '-lReact-runtimeexecutor' in build setting 'OTHER_LDFLAGS'
        ➜ Implicit dependency on target 'React-runtimescheduler' in project 'Pods' via options '-lReact-runtimescheduler' in build setting 'OTHER_LDFLAGS'
        ➜ Implicit dependency on target 'React-utils' in project 'Pods' via options '-lReact-utils' in build setting 'OTHER_LDFLAGS'
        ➜ Implicit dependency on target 'ReactAppDependencyProvider' in project 'Pods' via options '-lReactAppDependencyProvider' in build setting 'OTHER_LDFLAGS'
        ➜ Implicit dependency on target 'ReactCodegen' in project 'Pods' via options '-lReactCodegen' in build setting 'OTHER_LDFLAGS'
        ➜ Implicit dependency on target 'ReactCommon' in project 'Pods' via options '-lReactCommon' in build setting 'OTHER_LDFLAGS'
        ➜ Implicit dependency on target 'SDWebImage' in project 'Pods' via options '-lSDWebImage' in build setting 'OTHER_LDFLAGS'
        ➜ Implicit dependency on target 'SDWebImageAVIFCoder' in project 'Pods' via options '-lSDWebImageAVIFCoder' in build setting 'OTHER_LDFLAGS'
        ➜ Implicit dependency on target 'SDWebImageSVGCoder' in project 'Pods' via options '-lSDWebImageSVGCoder' in build setting 'OTHER_LDFLAGS'
        ➜ Implicit dependency on target 'SDWebImageWebPCoder' in project 'Pods' via options '-lSDWebImageWebPCoder' in build setting 'OTHER_LDFLAGS'
        ➜ Implicit dependency on target 'Sentry' in project 'Pods' via options '-lSentry' in build setting 'OTHER_LDFLAGS'
        ➜ Implicit dependency on target 'SocketRocket' in project 'Pods' via options '-lSocketRocket' in build setting 'OTHER_LDFLAGS'
        ➜ Implicit dependency on target 'Yoga' in project 'Pods' via options '-lYoga' in build setting 'OTHER_LDFLAGS'
        ➜ Implicit dependency on target 'expo-dev-launcher' in project 'Pods' via options '-lexpo-dev-launcher' in build setting 'OTHER_LDFLAGS'
        ➜ Implicit dependency on target 'expo-dev-menu' in project 'Pods' via options '-lexpo-dev-menu' in build setting 'OTHER_LDFLAGS'
        ➜ Implicit dependency on target 'expo-dev-menu-interface' in project 'Pods' via options '-lexpo-dev-menu-interface' in build setting 'OTHER_LDFLAGS'
        ➜ Implicit dependency on target 'fmt' in project 'Pods' via options '-lfmt' in build setting 'OTHER_LDFLAGS'
        ➜ Implicit dependency on target 'glog' in project 'Pods' via options '-lglog' in build setting 'OTHER_LDFLAGS'
        ➜ Implicit dependency on target 'libavif' in project 'Pods' via options '-llibavif' in build setting 'OTHER_LDFLAGS'
        ➜ Implicit dependency on target 'libdav1d' in project 'Pods' via options '-llibdav1d' in build setting 'OTHER_LDFLAGS'
        ➜ Implicit dependency on target 'libwebp' in project 'Pods' via options '-llibwebp' in build setting 'OTHER_LDFLAGS'
        ➜ Implicit dependency on target 'lottie-ios' in project 'Pods' via options '-llottie-ios' in build setting 'OTHER_LDFLAGS'
        ➜ Implicit dependency on target 'lottie-react-native' in project 'Pods' via options '-llottie-react-native' in build setting 'OTHER_LDFLAGS'
        ➜ Implicit dependency on target 'react-native-google-maps' in project 'Pods' via options '-lreact-native-google-maps' in build setting 'OTHER_LDFLAGS'
        ➜ Implicit dependency on target 'react-native-maps' in project 'Pods' via options '-lreact-native-maps' in build setting 'OTHER_LDFLAGS'
        ➜ Implicit dependency on target 'react-native-safe-area-context' in project 'Pods' via options '-lreact-native-safe-area-context' in build setting 'OTHER_LDFLAGS'
        ➜ Implicit dependency on target 'react-native-view-shot' in project 'Pods' via options '-lreact-native-view-shot' in build setting 'OTHER_LDFLAGS'
        ➜ Implicit dependency on target 'react-native-webview' in project 'Pods' via options '-lreact-native-webview' in build setting 'OTHER_LDFLAGS'
    Target 'Pods-VarsityHub' in project 'Pods'
        ➜ Explicit dependency on target 'DoubleConversion' in project 'Pods'
        ➜ Explicit dependency on target 'EASClient' in project 'Pods'
        ➜ Explicit dependency on target 'EXApplication' in project 'Pods'
        ➜ Explicit dependency on target 'EXConstants' in project 'Pods'
        ➜ Explicit dependency on target 'EXImageLoader' in project 'Pods'
        ➜ Explicit dependency on target 'EXJSONUtils' in project 'Pods'
        ➜ Explicit dependency on target 'EXManifests' in project 'Pods'
        ➜ Explicit dependency on target 'EXNotifications' in project 'Pods'
        ➜ Explicit dependency on target 'EXStructuredHeaders' in project 'Pods'
        ➜ Explicit dependency on target 'EXUpdates' in project 'Pods'
        ➜ Explicit dependency on target 'EXUpdatesInterface' in project 'Pods'
        ➜ Explicit dependency on target 'Expo' in project 'Pods'
        ➜ Explicit dependency on target 'ExpoAppleAuthentication' in project 'Pods'
        ➜ Explicit dependency on target 'ExpoAsset' in project 'Pods'
        ➜ Explicit dependency on target 'ExpoAudio' in project 'Pods'
        ➜ Explicit dependency on target 'ExpoBlur' in project 'Pods'
        ➜ Explicit dependency on target 'ExpoClipboard' in project 'Pods'
        ➜ Explicit dependency on target 'ExpoCrypto' in project 'Pods'
        ➜ Explicit dependency on target 'ExpoDevice' in project 'Pods'
        ➜ Explicit dependency on target 'ExpoDocumentPicker' in project 'Pods'
        ➜ Explicit dependency on target 'ExpoFileSystem' in project 'Pods'
        ➜ Explicit dependency on target 'ExpoFont' in project 'Pods'
        ➜ Explicit dependency on target 'ExpoHaptics' in project 'Pods'
        ➜ Explicit dependency on target 'ExpoHead' in project 'Pods'
        ➜ Explicit dependency on target 'ExpoImage' in project 'Pods'
        ➜ Explicit dependency on target 'ExpoImageManipulator' in project 'Pods'
        ➜ Explicit dependency on target 'ExpoImagePicker' in project 'Pods'
        ➜ Explicit dependency on target 'ExpoKeepAwake' in project 'Pods'
        ➜ Explicit dependency on target 'ExpoLinearGradient' in project 'Pods'
        ➜ Explicit dependency on target 'ExpoLinking' in project 'Pods'
        ➜ Explicit dependency on target 'ExpoLocation' in project 'Pods'
        ➜ Explicit dependency on target 'ExpoMediaLibrary' in project 'Pods'
        ➜ Explicit dependency on target 'ExpoModulesCore' in project 'Pods'
        ➜ Explicit dependency on target 'ExpoSecureStore' in project 'Pods'
        ➜ Explicit dependency on target 'ExpoSplashScreen' in project 'Pods'
        ➜ Explicit dependency on target 'ExpoSymbols' in project 'Pods'
        ➜ Explicit dependency on target 'ExpoSystemUI' in project 'Pods'
        ➜ Explicit dependency on target 'ExpoVideo' in project 'Pods'
        ➜ Explicit dependency on target 'ExpoWebBrowser' in project 'Pods'
        ➜ Explicit dependency on target 'FBLazyVector' in project 'Pods'
        ➜ Explicit dependency on target 'Google-Maps-iOS-Utils' in project 'Pods'
        ➜ Explicit dependency on target 'GoogleMaps' in project 'Pods'
        ➜ Explicit dependency on target 'RCT-Folly' in project 'Pods'
        ➜ Explicit dependency on target 'RCTDeprecation' in project 'Pods'
        ➜ Explicit dependency on target 'RCTRequired' in project 'Pods'
        ➜ Explicit dependency on target 'RCTTypeSafety' in project 'Pods'
        ➜ Explicit dependency on target 'RNCAsyncStorage' in project 'Pods'
        ➜ Explicit dependency on target 'RNCPicker' in project 'Pods'
        ➜ Explicit dependency on target 'RNDateTimePicker' in project 'Pods'
        ➜ Explicit dependency on target 'RNGestureHandler' in project 'Pods'
        ➜ Explicit dependency on target 'RNReanimated' in project 'Pods'
        ➜ Explicit dependency on target 'RNScreens' in project 'Pods'
        ➜ Explicit dependency on target 'RNSentry' in project 'Pods'
        ➜ Explicit dependency on target 'RNWorklets' in project 'Pods'
        ➜ Explicit dependency on target 'ReachabilitySwift' in project 'Pods'
        ➜ Explicit dependency on target 'React' in project 'Pods'
        ➜ Explicit dependency on target 'React-Core' in project 'Pods'
        ➜ Explicit dependency on target 'React-CoreModules' in project 'Pods'
        ➜ Explicit dependency on target 'React-Fabric' in project 'Pods'
        ➜ Explicit dependency on target 'React-FabricComponents' in project 'Pods'
        ➜ Explicit dependency on target 'React-FabricImage' in project 'Pods'
        ➜ Explicit dependency on target 'React-ImageManager' in project 'Pods'
        ➜ Explicit dependency on target 'React-Mapbuffer' in project 'Pods'
        ➜ Explicit dependency on target 'React-NativeModulesApple' in project 'Pods'
        ➜ Explicit dependency on target 'React-RCTActionSheet' in project 'Pods'
        ➜ Explicit dependency on target 'React-RCTAnimation' in project 'Pods'
        ➜ Explicit dependency on target 'React-RCTAppDelegate' in project 'Pods'
        ➜ Explicit dependency on target 'React-RCTBlob' in project 'Pods'
        ➜ Explicit dependency on target 'React-RCTFBReactNativeSpec' in project 'Pods'
        ➜ Explicit dependency on target 'React-RCTFabric' in project 'Pods'
        ➜ Explicit dependency on target 'React-RCTImage' in project 'Pods'
        ➜ Explicit dependency on target 'React-RCTLinking' in project 'Pods'
        ➜ Explicit dependency on target 'React-RCTNetwork' in project 'Pods'
        ➜ Explicit dependency on target 'React-RCTRuntime' in project 'Pods'
        ➜ Explicit dependency on target 'React-RCTSettings' in project 'Pods'
        ➜ Explicit dependency on target 'React-RCTText' in project 'Pods'
        ➜ Explicit dependency on target 'React-RCTVibration' in project 'Pods'
        ➜ Explicit dependency on target 'React-RuntimeApple' in project 'Pods'
        ➜ Explicit dependency on target 'React-RuntimeCore' in project 'Pods'
        ➜ Explicit dependency on target 'React-RuntimeHermes' in project 'Pods'
        ➜ Explicit dependency on target 'React-callinvoker' in project 'Pods'
        ➜ Explicit dependency on target 'React-cxxreact' in project 'Pods'
        ➜ Explicit dependency on target 'React-debug' in project 'Pods'
        ➜ Explicit dependency on target 'React-defaultsnativemodule' in project 'Pods'
        ➜ Explicit dependency on target 'React-domnativemodule' in project 'Pods'
        ➜ Explicit dependency on target 'React-featureflags' in project 'Pods'
        ➜ Explicit dependency on target 'React-featureflagsnativemodule' in project 'Pods'
        ➜ Explicit dependency on target 'React-graphics' in project 'Pods'
        ➜ Explicit dependency on target 'React-hermes' in project 'Pods'
        ➜ Explicit dependency on target 'React-idlecallbacksnativemodule' in project 'Pods'
        ➜ Explicit dependency on target 'React-jserrorhandler' in project 'Pods'
        ➜ Explicit dependency on target 'React-jsi' in project 'Pods'
        ➜ Explicit dependency on target 'React-jsiexecutor' in project 'Pods'
        ➜ Explicit dependency on target 'React-jsinspector' in project 'Pods'
        ➜ Explicit dependency on target 'React-jsinspectorcdp' in project 'Pods'
        ➜ Explicit dependency on target 'React-jsinspectornetwork' in project 'Pods'
        ➜ Explicit dependency on target 'React-jsinspectortracing' in project 'Pods'
        ➜ Explicit dependency on target 'React-jsitooling' in project 'Pods'
        ➜ Explicit dependency on target 'React-jsitracing' in project 'Pods'
        ➜ Explicit dependency on target 'React-logger' in project 'Pods'
        ➜ Explicit dependency on target 'React-microtasksnativemodule' in project 'Pods'
        ➜ Explicit dependency on target 'React-oscompat' in project 'Pods'
        ➜ Explicit dependency on target 'React-perflogger' in project 'Pods'
        ➜ Explicit dependency on target 'React-performancetimeline' in project 'Pods'
        ➜ Explicit dependency on target 'React-rendererconsistency' in project 'Pods'
        ➜ Explicit dependency on target 'React-renderercss' in project 'Pods'
        ➜ Explicit dependency on target 'React-rendererdebug' in project 'Pods'
        ➜ Explicit dependency on target 'React-runtimeexecutor' in project 'Pods'
        ➜ Explicit dependency on target 'React-runtimescheduler' in project 'Pods'
        ➜ Explicit dependency on target 'React-timing' in project 'Pods'
        ➜ Explicit dependency on target 'React-utils' in project 'Pods'
        ➜ Explicit dependency on target 'ReactAppDependencyProvider' in project 'Pods'
        ➜ Explicit dependency on target 'ReactCodegen' in project 'Pods'
        ➜ Explicit dependency on target 'ReactCommon' in project 'Pods'
        ➜ Explicit dependency on target 'SDWebImage' in project 'Pods'
        ➜ Explicit dependency on target 'SDWebImageAVIFCoder' in project 'Pods'
        ➜ Explicit dependency on target 'SDWebImageSVGCoder' in project 'Pods'
        ➜ Explicit dependency on target 'SDWebImageWebPCoder' in project 'Pods'
        ➜ Explicit dependency on target 'Sentry' in project 'Pods'
        ➜ Explicit dependency on target 'SocketRocket' in project 'Pods'
        ➜ Explicit dependency on target 'Yoga' in project 'Pods'
        ➜ Explicit dependency on target 'boost' in project 'Pods'
        ➜ Explicit dependency on target 'expo-dev-client' in project 'Pods'
        ➜ Explicit dependency on target 'expo-dev-launcher' in project 'Pods'
        ➜ Explicit dependency on target 'expo-dev-menu' in project 'Pods'
        ➜ Explicit dependency on target 'expo-dev-menu-interface' in project 'Pods'
        ➜ Explicit dependency on target 'fast_float' in project 'Pods'
        ➜ Explicit dependency on target 'fmt' in project 'Pods'
        ➜ Explicit dependency on target 'glog' in project 'Pods'
        ➜ Explicit dependency on target 'hermes-engine' in project 'Pods'
        ➜ Explicit dependency on target 'libavif' in project 'Pods'
        ➜ Explicit dependency on target 'libdav1d' in project 'Pods'
        ➜ Explicit dependency on target 'libwebp' in project 'Pods'
        ➜ Explicit dependency on target 'lottie-ios' in project 'Pods'
        ➜ Explicit dependency on target 'lottie-react-native' in project 'Pods'
        ➜ Explicit dependency on target 'react-native-google-maps' in project 'Pods'
        ➜ Explicit dependency on target 'react-native-maps' in project 'Pods'
        ➜ Explicit dependency on target 'react-native-safe-area-context' in project 'Pods'
        ➜ Explicit dependency on target 'react-native-view-shot' in project 'Pods'
        ➜ Explicit dependency on target 'react-native-webview' in project 'Pods'
    Target 'react-native-webview' in project 'Pods'
        ➜ Explicit dependency on target 'DoubleConversion' in project 'Pods'
        ➜ Explicit dependency on target 'RCT-Folly' in project 'Pods'
        ➜ Explicit dependency on target 'RCTRequired' in project 'Pods'
        ➜ Explicit dependency on target 'RCTTypeSafety' in project 'Pods'
        ➜ Explicit dependency on target 'React-Core' in project 'Pods'
        ➜ Explicit dependency on target 'React-Fabric' in project 'Pods'
        ➜ Explicit dependency on target 'React-ImageManager' in project 'Pods'
        ➜ Explicit dependency on target 'React-NativeModulesApple' in project 'Pods'
        ➜ Explicit dependency on target 'React-RCTFabric' in project 'Pods'
        ➜ Explicit dependency on target 'React-debug' in project 'Pods'
        ➜ Explicit dependency on target 'React-featureflags' in project 'Pods'
        ➜ Explicit dependency on target 'React-graphics' in project 'Pods'
        ➜ Explicit dependency on target 'React-jsi' in project 'Pods'
        ➜ Explicit dependency on target 'React-renderercss' in project 'Pods'
        ➜ Explicit dependency on target 'React-rendererdebug' in project 'Pods'
        ➜ Explicit dependency on target 'React-utils' in project 'Pods'
        ➜ Explicit dependency on target 'ReactCodegen' in project 'Pods'
        ➜ Explicit dependency on target 'ReactCommon' in project 'Pods'
        ➜ Explicit dependency on target 'SocketRocket' in project 'Pods'
        ➜ Explicit dependency on target 'Yoga' in project 'Pods'
        ➜ Explicit dependency on target 'boost' in project 'Pods'
        ➜ Explicit dependency on target 'fast_float' in project 'Pods'
        ➜ Explicit dependency on target 'fmt' in project 'Pods'
        ➜ Explicit dependency on target 'glog' in project 'Pods'
        ➜ Explicit dependency on target 'hermes-engine' in project 'Pods'
    Target 'react-native-view-shot' in project 'Pods'
        ➜ Explicit dependency on target 'DoubleConversion' in project 'Pods'
        ➜ Explicit dependency on target 'RCT-Folly' in project 'Pods'
        ➜ Explicit dependency on target 'RCTRequired' in project 'Pods'
        ➜ Explicit dependency on target 'RCTTypeSafety' in project 'Pods'
        ➜ Explicit dependency on target 'React-Core' in project 'Pods'
        ➜ Explicit dependency on target 'React-Fabric' in project 'Pods'
        ➜ Explicit dependency on target 'React-ImageManager' in project 'Pods'
        ➜ Explicit dependency on target 'React-NativeModulesApple' in project 'Pods'
        ➜ Explicit dependency on target 'React-RCTFabric' in project 'Pods'
        ➜ Explicit dependency on target 'React-debug' in project 'Pods'
        ➜ Explicit dependency on target 'React-featureflags' in project 'Pods'
        ➜ Explicit dependency on target 'React-graphics' in project 'Pods'
        ➜ Explicit dependency on target 'React-jsi' in project 'Pods'
        ➜ Explicit dependency on target 'React-renderercss' in project 'Pods'
        ➜ Explicit dependency on target 'React-rendererdebug' in project 'Pods'
        ➜ Explicit dependency on target 'React-utils' in project 'Pods'
        ➜ Explicit dependency on target 'ReactCodegen' in project 'Pods'
        ➜ Explicit dependency on target 'ReactCommon' in project 'Pods'
        ➜ Explicit dependency on target 'SocketRocket' in project 'Pods'
        ➜ Explicit dependency on target 'Yoga' in project 'Pods'
        ➜ Explicit dependency on target 'boost' in project 'Pods'
        ➜ Explicit dependency on target 'fast_float' in project 'Pods'
        ➜ Explicit dependency on target 'fmt' in project 'Pods'
        ➜ Explicit dependency on target 'glog' in project 'Pods'
        ➜ Explicit dependency on target 'hermes-engine' in project 'Pods'
    Target 'react-native-safe-area-context' in project 'Pods'
        ➜ Explicit dependency on target 'DoubleConversion' in project 'Pods'
        ➜ Explicit dependency on target 'RCT-Folly' in project 'Pods'
        ➜ Explicit dependency on target 'RCTRequired' in project 'Pods'
        ➜ Explicit dependency on target 'RCTTypeSafety' in project 'Pods'
        ➜ Explicit dependency on target 'React-Core' in project 'Pods'
        ➜ Explicit dependency on target 'React-Fabric' in project 'Pods'
        ➜ Explicit dependency on target 'React-ImageManager' in project 'Pods'
        ➜ Explicit dependency on target 'React-NativeModulesApple' in project 'Pods'
        ➜ Explicit dependency on target 'React-RCTFabric' in project 'Pods'
        ➜ Explicit dependency on target 'React-debug' in project 'Pods'
        ➜ Explicit dependency on target 'React-featureflags' in project 'Pods'
        ➜ Explicit dependency on target 'React-graphics' in project 'Pods'
        ➜ Explicit dependency on target 'React-jsi' in project 'Pods'
        ➜ Explicit dependency on target 'React-renderercss' in project 'Pods'
        ➜ Explicit dependency on target 'React-rendererdebug' in project 'Pods'
        ➜ Explicit dependency on target 'React-utils' in project 'Pods'
        ➜ Explicit dependency on target 'ReactCodegen' in project 'Pods'
        ➜ Explicit dependency on target 'ReactCommon' in project 'Pods'
        ➜ Explicit dependency on target 'SocketRocket' in project 'Pods'
        ➜ Explicit dependency on target 'Yoga' in project 'Pods'
        ➜ Explicit dependency on target 'boost' in project 'Pods'
        ➜ Explicit dependency on target 'fast_float' in project 'Pods'
        ➜ Explicit dependency on target 'fmt' in project 'Pods'
        ➜ Explicit dependency on target 'glog' in project 'Pods'
        ➜ Explicit dependency on target 'hermes-engine' in project 'Pods'
    Target 'react-native-maps' in project 'Pods'
        ➜ Explicit dependency on target 'React-Core' in project 'Pods'
        ➜ Explicit dependency on target 'react-native-maps-ReactNativeMapsPrivacy' in project 'Pods'
    Target 'react-native-maps-ReactNativeMapsPrivacy' in project 'Pods' (no dependencies)
    Target 'react-native-google-maps' in project 'Pods'
        ➜ Explicit dependency on target 'Google-Maps-iOS-Utils' in project 'Pods'
        ➜ Explicit dependency on target 'GoogleMaps' in project 'Pods'
        ➜ Explicit dependency on target 'React-Core' in project 'Pods'
        ➜ Explicit dependency on target 'react-native-google-maps-GoogleMapsPrivacy' in project 'Pods'
    Target 'react-native-google-maps-GoogleMapsPrivacy' in project 'Pods' (no dependencies)
    Target 'lottie-react-native' in project 'Pods'
        ➜ Explicit dependency on target 'DoubleConversion' in project 'Pods'
        ➜ Explicit dependency on target 'RCT-Folly' in project 'Pods'
        ➜ Explicit dependency on target 'RCTRequired' in project 'Pods'
        ➜ Explicit dependency on target 'RCTTypeSafety' in project 'Pods'
        ➜ Explicit dependency on target 'React-Core' in project 'Pods'
        ➜ Explicit dependency on target 'React-Fabric' in project 'Pods'
        ➜ Explicit dependency on target 'React-ImageManager' in project 'Pods'
        ➜ Explicit dependency on target 'React-NativeModulesApple' in project 'Pods'
        ➜ Explicit dependency on target 'React-RCTFabric' in project 'Pods'
        ➜ Explicit dependency on target 'React-debug' in project 'Pods'
        ➜ Explicit dependency on target 'React-featureflags' in project 'Pods'
        ➜ Explicit dependency on target 'React-graphics' in project 'Pods'
        ➜ Explicit dependency on target 'React-jsi' in project 'Pods'
        ➜ Explicit dependency on target 'React-renderercss' in project 'Pods'
        ➜ Explicit dependency on target 'React-rendererdebug' in project 'Pods'
        ➜ Explicit dependency on target 'React-utils' in project 'Pods'
        ➜ Explicit dependency on target 'ReactCodegen' in project 'Pods'
        ➜ Explicit dependency on target 'ReactCommon' in project 'Pods'
        ➜ Explicit dependency on target 'SocketRocket' in project 'Pods'
        ➜ Explicit dependency on target 'Yoga' in project 'Pods'
        ➜ Explicit dependency on target 'boost' in project 'Pods'
        ➜ Explicit dependency on target 'fast_float' in project 'Pods'
        ➜ Explicit dependency on target 'fmt' in project 'Pods'
        ➜ Explicit dependency on target 'glog' in project 'Pods'
        ➜ Explicit dependency on target 'hermes-engine' in project 'Pods'
        ➜ Explicit dependency on target 'lottie-ios' in project 'Pods'
        ➜ Explicit dependency on target 'lottie-react-native-Lottie_React_Native_Privacy' in project 'Pods'
    Target 'lottie-react-native-Lottie_React_Native_Privacy' in project 'Pods' (no dependencies)
    Target 'lottie-ios' in project 'Pods'
        ➜ Explicit dependency on target 'lottie-ios-LottiePrivacyInfo' in project 'Pods'
    Target 'lottie-ios-LottiePrivacyInfo' in project 'Pods' (no dependencies)
    Target 'expo-dev-client' in project 'Pods'
        ➜ Explicit dependency on target 'EXManifests' in project 'Pods'
        ➜ Explicit dependency on target 'expo-dev-launcher' in project 'Pods'
        ➜ Explicit dependency on target 'expo-dev-menu' in project 'Pods'
        ➜ Explicit dependency on target 'expo-dev-menu-interface' in project 'Pods'
        ➜ Explicit dependency on target 'EXUpdatesInterface' in project 'Pods'
    Target 'expo-dev-launcher' in project 'Pods'
        ➜ Explicit dependency on target 'DoubleConversion' in project 'Pods'
        ➜ Explicit dependency on target 'EXManifests' in project 'Pods'
        ➜ Explicit dependency on target 'EXUpdatesInterface' in project 'Pods'
        ➜ Explicit dependency on target 'ExpoModulesCore' in project 'Pods'
        ➜ Explicit dependency on target 'RCT-Folly' in project 'Pods'
        ➜ Explicit dependency on target 'RCTRequired' in project 'Pods'
        ➜ Explicit dependency on target 'RCTTypeSafety' in project 'Pods'
        ➜ Explicit dependency on target 'React-Core' in project 'Pods'
        ➜ Explicit dependency on target 'React-Fabric' in project 'Pods'
        ➜ Explicit dependency on target 'React-ImageManager' in project 'Pods'
        ➜ Explicit dependency on target 'React-NativeModulesApple' in project 'Pods'
        ➜ Explicit dependency on target 'React-RCTAppDelegate' in project 'Pods'
        ➜ Explicit dependency on target 'React-RCTFabric' in project 'Pods'
        ➜ Explicit dependency on target 'React-debug' in project 'Pods'
        ➜ Explicit dependency on target 'React-featureflags' in project 'Pods'
        ➜ Explicit dependency on target 'React-graphics' in project 'Pods'
        ➜ Explicit dependency on target 'React-jsi' in project 'Pods'
        ➜ Explicit dependency on target 'React-jsinspector' in project 'Pods'
        ➜ Explicit dependency on target 'React-renderercss' in project 'Pods'
        ➜ Explicit dependency on target 'React-rendererdebug' in project 'Pods'
        ➜ Explicit dependency on target 'React-utils' in project 'Pods'
        ➜ Explicit dependency on target 'ReactAppDependencyProvider' in project 'Pods'
        ➜ Explicit dependency on target 'ReactCodegen' in project 'Pods'
        ➜ Explicit dependency on target 'ReactCommon' in project 'Pods'
        ➜ Explicit dependency on target 'SocketRocket' in project 'Pods'
        ➜ Explicit dependency on target 'Yoga' in project 'Pods'
        ➜ Explicit dependency on target 'boost' in project 'Pods'
        ➜ Explicit dependency on target 'expo-dev-launcher-EXDevLauncher' in project 'Pods'
        ➜ Explicit dependency on target 'expo-dev-menu' in project 'Pods'
        ➜ Explicit dependency on target 'expo-dev-menu-interface' in project 'Pods'
        ➜ Explicit dependency on target 'fast_float' in project 'Pods'
        ➜ Explicit dependency on target 'fmt' in project 'Pods'
        ➜ Explicit dependency on target 'glog' in project 'Pods'
        ➜ Explicit dependency on target 'hermes-engine' in project 'Pods'
    Target 'expo-dev-menu' in project 'Pods'
        ➜ Explicit dependency on target 'DoubleConversion' in project 'Pods'
        ➜ Explicit dependency on target 'EXManifests' in project 'Pods'
        ➜ Explicit dependency on target 'ExpoModulesCore' in project 'Pods'
        ➜ Explicit dependency on target 'RCT-Folly' in project 'Pods'
        ➜ Explicit dependency on target 'RCTRequired' in project 'Pods'
        ➜ Explicit dependency on target 'RCTTypeSafety' in project 'Pods'
        ➜ Explicit dependency on target 'React-Core' in project 'Pods'
        ➜ Explicit dependency on target 'React-Fabric' in project 'Pods'
        ➜ Explicit dependency on target 'React-ImageManager' in project 'Pods'
        ➜ Explicit dependency on target 'React-NativeModulesApple' in project 'Pods'
        ➜ Explicit dependency on target 'React-RCTFabric' in project 'Pods'
        ➜ Explicit dependency on target 'React-debug' in project 'Pods'
        ➜ Explicit dependency on target 'React-featureflags' in project 'Pods'
        ➜ Explicit dependency on target 'React-graphics' in project 'Pods'
        ➜ Explicit dependency on target 'React-jsi' in project 'Pods'
        ➜ Explicit dependency on target 'React-jsinspector' in project 'Pods'
        ➜ Explicit dependency on target 'React-renderercss' in project 'Pods'
        ➜ Explicit dependency on target 'React-rendererdebug' in project 'Pods'
        ➜ Explicit dependency on target 'React-utils' in project 'Pods'
        ➜ Explicit dependency on target 'ReactCodegen' in project 'Pods'
        ➜ Explicit dependency on target 'ReactCommon' in project 'Pods'
        ➜ Explicit dependency on target 'SocketRocket' in project 'Pods'
        ➜ Explicit dependency on target 'Yoga' in project 'Pods'
        ➜ Explicit dependency on target 'boost' in project 'Pods'
        ➜ Explicit dependency on target 'expo-dev-menu-EXDevMenu' in project 'Pods'
        ➜ Explicit dependency on target 'expo-dev-menu-interface' in project 'Pods'
        ➜ Explicit dependency on target 'fast_float' in project 'Pods'
        ➜ Explicit dependency on target 'fmt' in project 'Pods'
        ➜ Explicit dependency on target 'glog' in project 'Pods'
        ➜ Explicit dependency on target 'hermes-engine' in project 'Pods'
    Target 'expo-dev-menu-interface' in project 'Pods' (no dependencies)
    Target 'expo-dev-menu-EXDevMenu' in project 'Pods' (no dependencies)
    Target 'expo-dev-launcher-EXDevLauncher' in project 'Pods' (no dependencies)
    Target 'React' in project 'Pods'
        ➜ Explicit dependency on target 'React-Core' in project 'Pods'
        ➜ Explicit dependency on target 'React-RCTActionSheet' in project 'Pods'
        ➜ Explicit dependency on target 'React-RCTAnimation' in project 'Pods'
        ➜ Explicit dependency on target 'React-RCTBlob' in project 'Pods'
        ➜ Explicit dependency on target 'React-RCTImage' in project 'Pods'
        ➜ Explicit dependency on target 'React-RCTLinking' in project 'Pods'
        ➜ Explicit dependency on target 'React-RCTNetwork' in project 'Pods'
        ➜ Explicit dependency on target 'React-RCTSettings' in project 'Pods'
        ➜ Explicit dependency on target 'React-RCTText' in project 'Pods'
        ➜ Explicit dependency on target 'React-RCTVibration' in project 'Pods'
    Target 'React-RCTVibration' in project 'Pods'
        ➜ Explicit dependency on target 'DoubleConversion' in project 'Pods'
        ➜ Explicit dependency on target 'RCT-Folly' in project 'Pods'
        ➜ Explicit dependency on target 'React-Core' in project 'Pods'
        ➜ Explicit dependency on target 'React-NativeModulesApple' in project 'Pods'
        ➜ Explicit dependency on target 'React-RCTFBReactNativeSpec' in project 'Pods'
        ➜ Explicit dependency on target 'React-jsi' in project 'Pods'
        ➜ Explicit dependency on target 'ReactCommon' in project 'Pods'
        ➜ Explicit dependency on target 'SocketRocket' in project 'Pods'
        ➜ Explicit dependency on target 'boost' in project 'Pods'
        ➜ Explicit dependency on target 'fast_float' in project 'Pods'
        ➜ Explicit dependency on target 'fmt' in project 'Pods'
        ➜ Explicit dependency on target 'glog' in project 'Pods'
    Target 'React-RCTSettings' in project 'Pods'
        ➜ Explicit dependency on target 'DoubleConversion' in project 'Pods'
        ➜ Explicit dependency on target 'RCT-Folly' in project 'Pods'
        ➜ Explicit dependency on target 'RCTTypeSafety' in project 'Pods'
        ➜ Explicit dependency on target 'React-Core' in project 'Pods'
        ➜ Explicit dependency on target 'React-NativeModulesApple' in project 'Pods'
        ➜ Explicit dependency on target 'React-RCTFBReactNativeSpec' in project 'Pods'
        ➜ Explicit dependency on target 'React-jsi' in project 'Pods'
        ➜ Explicit dependency on target 'ReactCommon' in project 'Pods'
        ➜ Explicit dependency on target 'SocketRocket' in project 'Pods'
        ➜ Explicit dependency on target 'boost' in project 'Pods'
        ➜ Explicit dependency on target 'fast_float' in project 'Pods'
        ➜ Explicit dependency on target 'fmt' in project 'Pods'
        ➜ Explicit dependency on target 'glog' in project 'Pods'
    Target 'React-RCTLinking' in project 'Pods'
        ➜ Explicit dependency on target 'React-Core' in project 'Pods'
        ➜ Explicit dependency on target 'React-NativeModulesApple' in project 'Pods'
        ➜ Explicit dependency on target 'React-RCTFBReactNativeSpec' in project 'Pods'
        ➜ Explicit dependency on target 'React-jsi' in project 'Pods'
        ➜ Explicit dependency on target 'ReactCommon' in project 'Pods'
    Target 'React-RCTActionSheet' in project 'Pods'
        ➜ Explicit dependency on target 'React-Core' in project 'Pods'
    Target 'RNSentry' in project 'Pods'
        ➜ Explicit dependency on target 'DoubleConversion' in project 'Pods'
        ➜ Explicit dependency on target 'RCT-Folly' in project 'Pods'
        ➜ Explicit dependency on target 'RCTRequired' in project 'Pods'
        ➜ Explicit dependency on target 'RCTTypeSafety' in project 'Pods'
        ➜ Explicit dependency on target 'React-Core' in project 'Pods'
        ➜ Explicit dependency on target 'React-Fabric' in project 'Pods'
        ➜ Explicit dependency on target 'React-ImageManager' in project 'Pods'
        ➜ Explicit dependency on target 'React-NativeModulesApple' in project 'Pods'
        ➜ Explicit dependency on target 'React-RCTFabric' in project 'Pods'
        ➜ Explicit dependency on target 'React-debug' in project 'Pods'
        ➜ Explicit dependency on target 'React-featureflags' in project 'Pods'
        ➜ Explicit dependency on target 'React-graphics' in project 'Pods'
        ➜ Explicit dependency on target 'React-hermes' in project 'Pods'
        ➜ Explicit dependency on target 'React-jsi' in project 'Pods'
        ➜ Explicit dependency on target 'React-renderercss' in project 'Pods'
        ➜ Explicit dependency on target 'React-rendererdebug' in project 'Pods'
        ➜ Explicit dependency on target 'React-utils' in project 'Pods'
        ➜ Explicit dependency on target 'ReactCodegen' in project 'Pods'
        ➜ Explicit dependency on target 'ReactCommon' in project 'Pods'
        ➜ Explicit dependency on target 'Sentry' in project 'Pods'
        ➜ Explicit dependency on target 'SocketRocket' in project 'Pods'
        ➜ Explicit dependency on target 'Yoga' in project 'Pods'
        ➜ Explicit dependency on target 'boost' in project 'Pods'
        ➜ Explicit dependency on target 'fast_float' in project 'Pods'
        ➜ Explicit dependency on target 'fmt' in project 'Pods'
        ➜ Explicit dependency on target 'glog' in project 'Pods'
        ➜ Explicit dependency on target 'hermes-engine' in project 'Pods'
    Target 'Sentry' in project 'Pods'
        ➜ Explicit dependency on target 'Sentry-Sentry' in project 'Pods'
    Target 'Sentry-Sentry' in project 'Pods' (no dependencies)
    Target 'RNReanimated' in project 'Pods'
        ➜ Explicit dependency on target 'DoubleConversion' in project 'Pods'
        ➜ Explicit dependency on target 'RCT-Folly' in project 'Pods'
        ➜ Explicit dependency on target 'RCTRequired' in project 'Pods'
        ➜ Explicit dependency on target 'RCTTypeSafety' in project 'Pods'
        ➜ Explicit dependency on target 'RNWorklets' in project 'Pods'
        ➜ Explicit dependency on target 'React-Core' in project 'Pods'
        ➜ Explicit dependency on target 'React-Fabric' in project 'Pods'
        ➜ Explicit dependency on target 'React-ImageManager' in project 'Pods'
        ➜ Explicit dependency on target 'React-NativeModulesApple' in project 'Pods'
        ➜ Explicit dependency on target 'React-RCTFabric' in project 'Pods'
        ➜ Explicit dependency on target 'React-debug' in project 'Pods'
        ➜ Explicit dependency on target 'React-featureflags' in project 'Pods'
        ➜ Explicit dependency on target 'React-graphics' in project 'Pods'
        ➜ Explicit dependency on target 'React-hermes' in project 'Pods'
        ➜ Explicit dependency on target 'React-jsi' in project 'Pods'
        ➜ Explicit dependency on target 'React-renderercss' in project 'Pods'
        ➜ Explicit dependency on target 'React-rendererdebug' in project 'Pods'
        ➜ Explicit dependency on target 'React-utils' in project 'Pods'
        ➜ Explicit dependency on target 'ReactCodegen' in project 'Pods'
        ➜ Explicit dependency on target 'ReactCommon' in project 'Pods'
        ➜ Explicit dependency on target 'SocketRocket' in project 'Pods'
        ➜ Explicit dependency on target 'Yoga' in project 'Pods'
        ➜ Explicit dependency on target 'boost' in project 'Pods'
        ➜ Explicit dependency on target 'fast_float' in project 'Pods'
        ➜ Explicit dependency on target 'fmt' in project 'Pods'
        ➜ Explicit dependency on target 'glog' in project 'Pods'
        ➜ Explicit dependency on target 'hermes-engine' in project 'Pods'
    Target 'RNWorklets' in project 'Pods'
        ➜ Explicit dependency on target 'DoubleConversion' in project 'Pods'
        ➜ Explicit dependency on target 'RCT-Folly' in project 'Pods'
        ➜ Explicit dependency on target 'RCTRequired' in project 'Pods'
        ➜ Explicit dependency on target 'RCTTypeSafety' in project 'Pods'
        ➜ Explicit dependency on target 'React-Core' in project 'Pods'
        ➜ Explicit dependency on target 'React-Fabric' in project 'Pods'
        ➜ Explicit dependency on target 'React-ImageManager' in project 'Pods'
        ➜ Explicit dependency on target 'React-NativeModulesApple' in project 'Pods'
        ➜ Explicit dependency on target 'React-RCTFabric' in project 'Pods'
        ➜ Explicit dependency on target 'React-debug' in project 'Pods'
        ➜ Explicit dependency on target 'React-featureflags' in project 'Pods'
        ➜ Explicit dependency on target 'React-graphics' in project 'Pods'
        ➜ Explicit dependency on target 'React-hermes' in project 'Pods'
        ➜ Explicit dependency on target 'React-jsi' in project 'Pods'
        ➜ Explicit dependency on target 'React-renderercss' in project 'Pods'
        ➜ Explicit dependency on target 'React-rendererdebug' in project 'Pods'
        ➜ Explicit dependency on target 'React-utils' in project 'Pods'
        ➜ Explicit dependency on target 'ReactCodegen' in project 'Pods'
        ➜ Explicit dependency on target 'ReactCommon' in project 'Pods'
        ➜ Explicit dependency on target 'SocketRocket' in project 'Pods'
        ➜ Explicit dependency on target 'Yoga' in project 'Pods'
        ➜ Explicit dependency on target 'boost' in project 'Pods'
        ➜ Explicit dependency on target 'fast_float' in project 'Pods'
        ➜ Explicit dependency on target 'fmt' in project 'Pods'
        ➜ Explicit dependency on target 'glog' in project 'Pods'
        ➜ Explicit dependency on target 'hermes-engine' in project 'Pods'
    Target 'RNGestureHandler' in project 'Pods'
        ➜ Explicit dependency on target 'DoubleConversion' in project 'Pods'
        ➜ Explicit dependency on target 'RCT-Folly' in project 'Pods'
        ➜ Explicit dependency on target 'RCTRequired' in project 'Pods'
        ➜ Explicit dependency on target 'RCTTypeSafety' in project 'Pods'
        ➜ Explicit dependency on target 'React-Core' in project 'Pods'
        ➜ Explicit dependency on target 'React-Fabric' in project 'Pods'
        ➜ Explicit dependency on target 'React-ImageManager' in project 'Pods'
        ➜ Explicit dependency on target 'React-NativeModulesApple' in project 'Pods'
        ➜ Explicit dependency on target 'React-RCTFabric' in project 'Pods'
        ➜ Explicit dependency on target 'React-debug' in project 'Pods'
        ➜ Explicit dependency on target 'React-featureflags' in project 'Pods'
        ➜ Explicit dependency on target 'React-graphics' in project 'Pods'
        ➜ Explicit dependency on target 'React-jsi' in project 'Pods'
        ➜ Explicit dependency on target 'React-renderercss' in project 'Pods'
        ➜ Explicit dependency on target 'React-rendererdebug' in project 'Pods'
        ➜ Explicit dependency on target 'React-utils' in project 'Pods'
        ➜ Explicit dependency on target 'ReactCodegen' in project 'Pods'
        ➜ Explicit dependency on target 'ReactCommon' in project 'Pods'
        ➜ Explicit dependency on target 'SocketRocket' in project 'Pods'
        ➜ Explicit dependency on target 'Yoga' in project 'Pods'
        ➜ Explicit dependency on target 'boost' in project 'Pods'
        ➜ Explicit dependency on target 'fast_float' in project 'Pods'
        ➜ Explicit dependency on target 'fmt' in project 'Pods'
        ➜ Explicit dependency on target 'glog' in project 'Pods'
        ➜ Explicit dependency on target 'hermes-engine' in project 'Pods'
    Target 'RNDateTimePicker' in project 'Pods'
        ➜ Explicit dependency on target 'DoubleConversion' in project 'Pods'
        ➜ Explicit dependency on target 'RCT-Folly' in project 'Pods'
        ➜ Explicit dependency on target 'RCTRequired' in project 'Pods'
        ➜ Explicit dependency on target 'RCTTypeSafety' in project 'Pods'
        ➜ Explicit dependency on target 'React-Core' in project 'Pods'
        ➜ Explicit dependency on target 'React-Fabric' in project 'Pods'
        ➜ Explicit dependency on target 'React-ImageManager' in project 'Pods'
        ➜ Explicit dependency on target 'React-NativeModulesApple' in project 'Pods'
        ➜ Explicit dependency on target 'React-RCTFabric' in project 'Pods'
        ➜ Explicit dependency on target 'React-debug' in project 'Pods'
        ➜ Explicit dependency on target 'React-featureflags' in project 'Pods'
        ➜ Explicit dependency on target 'React-graphics' in project 'Pods'
        ➜ Explicit dependency on target 'React-jsi' in project 'Pods'
        ➜ Explicit dependency on target 'React-renderercss' in project 'Pods'
        ➜ Explicit dependency on target 'React-rendererdebug' in project 'Pods'
        ➜ Explicit dependency on target 'React-utils' in project 'Pods'
        ➜ Explicit dependency on target 'ReactCodegen' in project 'Pods'
        ➜ Explicit dependency on target 'ReactCommon' in project 'Pods'
        ➜ Explicit dependency on target 'SocketRocket' in project 'Pods'
        ➜ Explicit dependency on target 'Yoga' in project 'Pods'
        ➜ Explicit dependency on target 'boost' in project 'Pods'
        ➜ Explicit dependency on target 'fast_float' in project 'Pods'
        ➜ Explicit dependency on target 'fmt' in project 'Pods'
        ➜ Explicit dependency on target 'glog' in project 'Pods'
        ➜ Explicit dependency on target 'hermes-engine' in project 'Pods'
    Target 'RNCPicker' in project 'Pods'
        ➜ Explicit dependency on target 'DoubleConversion' in project 'Pods'
        ➜ Explicit dependency on target 'RCT-Folly' in project 'Pods'
        ➜ Explicit dependency on target 'RCTRequired' in project 'Pods'
        ➜ Explicit dependency on target 'RCTTypeSafety' in project 'Pods'
        ➜ Explicit dependency on target 'React-Core' in project 'Pods'
        ➜ Explicit dependency on target 'React-Fabric' in project 'Pods'
        ➜ Explicit dependency on target 'React-ImageManager' in project 'Pods'
        ➜ Explicit dependency on target 'React-NativeModulesApple' in project 'Pods'
        ➜ Explicit dependency on target 'React-RCTFabric' in project 'Pods'
        ➜ Explicit dependency on target 'React-debug' in project 'Pods'
        ➜ Explicit dependency on target 'React-featureflags' in project 'Pods'
        ➜ Explicit dependency on target 'React-graphics' in project 'Pods'
        ➜ Explicit dependency on target 'React-jsi' in project 'Pods'
        ➜ Explicit dependency on target 'React-renderercss' in project 'Pods'
        ➜ Explicit dependency on target 'React-rendererdebug' in project 'Pods'
        ➜ Explicit dependency on target 'React-utils' in project 'Pods'
        ➜ Explicit dependency on target 'ReactCodegen' in project 'Pods'
        ➜ Explicit dependency on target 'ReactCommon' in project 'Pods'
        ➜ Explicit dependency on target 'SocketRocket' in project 'Pods'
        ➜ Explicit dependency on target 'Yoga' in project 'Pods'
        ➜ Explicit dependency on target 'boost' in project 'Pods'
        ➜ Explicit dependency on target 'fast_float' in project 'Pods'
        ➜ Explicit dependency on target 'fmt' in project 'Pods'
        ➜ Explicit dependency on target 'glog' in project 'Pods'
        ➜ Explicit dependency on target 'hermes-engine' in project 'Pods'
    Target 'RNCAsyncStorage' in project 'Pods'
        ➜ Explicit dependency on target 'DoubleConversion' in project 'Pods'
        ➜ Explicit dependency on target 'RCT-Folly' in project 'Pods'
        ➜ Explicit dependency on target 'RCTRequired' in project 'Pods'
        ➜ Explicit dependency on target 'RCTTypeSafety' in project 'Pods'
        ➜ Explicit dependency on target 'RNCAsyncStorage-RNCAsyncStorage_resources' in project 'Pods'
        ➜ Explicit dependency on target 'React-Core' in project 'Pods'
        ➜ Explicit dependency on target 'React-Fabric' in project 'Pods'
        ➜ Explicit dependency on target 'React-ImageManager' in project 'Pods'
        ➜ Explicit dependency on target 'React-NativeModulesApple' in project 'Pods'
        ➜ Explicit dependency on target 'React-RCTFabric' in project 'Pods'
        ➜ Explicit dependency on target 'React-debug' in project 'Pods'
        ➜ Explicit dependency on target 'React-featureflags' in project 'Pods'
        ➜ Explicit dependency on target 'React-graphics' in project 'Pods'
        ➜ Explicit dependency on target 'React-jsi' in project 'Pods'
        ➜ Explicit dependency on target 'React-renderercss' in project 'Pods'
        ➜ Explicit dependency on target 'React-rendererdebug' in project 'Pods'
        ➜ Explicit dependency on target 'React-utils' in project 'Pods'
        ➜ Explicit dependency on target 'ReactCodegen' in project 'Pods'
        ➜ Explicit dependency on target 'ReactCommon' in project 'Pods'
        ➜ Explicit dependency on target 'SocketRocket' in project 'Pods'
        ➜ Explicit dependency on target 'Yoga' in project 'Pods'
        ➜ Explicit dependency on target 'boost' in project 'Pods'
        ➜ Explicit dependency on target 'fast_float' in project 'Pods'
        ➜ Explicit dependency on target 'fmt' in project 'Pods'
        ➜ Explicit dependency on target 'glog' in project 'Pods'
        ➜ Explicit dependency on target 'hermes-engine' in project 'Pods'
    Target 'RNCAsyncStorage-RNCAsyncStorage_resources' in project 'Pods' (no dependencies)
    Target 'Google-Maps-iOS-Utils' in project 'Pods'
        ➜ Explicit dependency on target 'GoogleMaps' in project 'Pods'
    Target 'GoogleMaps' in project 'Pods'
        ➜ Explicit dependency on target 'GoogleMaps-GoogleMapsResources' in project 'Pods'
    Target 'GoogleMaps-GoogleMapsResources' in project 'Pods' (no dependencies)
    Target 'ExpoWebBrowser' in project 'Pods'
        ➜ Explicit dependency on target 'ExpoModulesCore' in project 'Pods'
    Target 'ExpoVideo' in project 'Pods'
        ➜ Explicit dependency on target 'ExpoModulesCore' in project 'Pods'
    Target 'ExpoSystemUI' in project 'Pods'
        ➜ Explicit dependency on target 'ExpoModulesCore' in project 'Pods'
        ➜ Explicit dependency on target 'ExpoSystemUI-ExpoSystemUI_privacy' in project 'Pods'
    Target 'ExpoSystemUI-ExpoSystemUI_privacy' in project 'Pods' (no dependencies)
    Target 'ExpoSymbols' in project 'Pods'
        ➜ Explicit dependency on target 'ExpoModulesCore' in project 'Pods'
    Target 'ExpoSplashScreen' in project 'Pods'
        ➜ Explicit dependency on target 'ExpoModulesCore' in project 'Pods'
    Target 'ExpoSecureStore' in project 'Pods'
        ➜ Explicit dependency on target 'ExpoModulesCore' in project 'Pods'
    Target 'ExpoMediaLibrary' in project 'Pods'
        ➜ Explicit dependency on target 'ExpoMediaLibrary-ExpoMediaLibrary_privacy' in project 'Pods'
        ➜ Explicit dependency on target 'ExpoModulesCore' in project 'Pods'
        ➜ Explicit dependency on target 'React-Core' in project 'Pods'
    Target 'ExpoMediaLibrary-ExpoMediaLibrary_privacy' in project 'Pods' (no dependencies)
    Target 'ExpoLocation' in project 'Pods'
        ➜ Explicit dependency on target 'ExpoModulesCore' in project 'Pods'
    Target 'ExpoLinking' in project 'Pods'
        ➜ Explicit dependency on target 'ExpoModulesCore' in project 'Pods'
    Target 'ExpoLinearGradient' in project 'Pods'
        ➜ Explicit dependency on target 'ExpoModulesCore' in project 'Pods'
    Target 'ExpoKeepAwake' in project 'Pods'
        ➜ Explicit dependency on target 'ExpoModulesCore' in project 'Pods'
    Target 'ExpoImagePicker' in project 'Pods'
        ➜ Explicit dependency on target 'ExpoModulesCore' in project 'Pods'
    Target 'ExpoImageManipulator' in project 'Pods'
        ➜ Explicit dependency on target 'EXImageLoader' in project 'Pods'
        ➜ Explicit dependency on target 'ExpoModulesCore' in project 'Pods'
        ➜ Explicit dependency on target 'SDWebImageWebPCoder' in project 'Pods'
    Target 'ExpoImage' in project 'Pods'
        ➜ Explicit dependency on target 'ExpoModulesCore' in project 'Pods'
        ➜ Explicit dependency on target 'SDWebImage' in project 'Pods'
        ➜ Explicit dependency on target 'SDWebImageAVIFCoder' in project 'Pods'
        ➜ Explicit dependency on target 'SDWebImageSVGCoder' in project 'Pods'
        ➜ Explicit dependency on target 'SDWebImageWebPCoder' in project 'Pods'
        ➜ Explicit dependency on target 'libavif' in project 'Pods'
    Target 'SDWebImageWebPCoder' in project 'Pods'
        ➜ Explicit dependency on target 'SDWebImage' in project 'Pods'
        ➜ Explicit dependency on target 'libwebp' in project 'Pods'
    Target 'libwebp' in project 'Pods' (no dependencies)
    Target 'SDWebImageSVGCoder' in project 'Pods'
        ➜ Explicit dependency on target 'SDWebImage' in project 'Pods'
    Target 'SDWebImageAVIFCoder' in project 'Pods'
        ➜ Explicit dependency on target 'SDWebImage' in project 'Pods'
        ➜ Explicit dependency on target 'libavif' in project 'Pods'
    Target 'libavif' in project 'Pods'
        ➜ Explicit dependency on target 'libdav1d' in project 'Pods'
    Target 'libdav1d' in project 'Pods' (no dependencies)
    Target 'SDWebImage' in project 'Pods'
        ➜ Explicit dependency on target 'SDWebImage-SDWebImage' in project 'Pods'
    Target 'SDWebImage-SDWebImage' in project 'Pods' (no dependencies)
    Target 'ExpoHead' in project 'Pods'
        ➜ Explicit dependency on target 'ExpoModulesCore' in project 'Pods'
        ➜ Explicit dependency on target 'RNScreens' in project 'Pods'
    Target 'RNScreens' in project 'Pods'
        ➜ Explicit dependency on target 'DoubleConversion' in project 'Pods'
        ➜ Explicit dependency on target 'RCT-Folly' in project 'Pods'
        ➜ Explicit dependency on target 'RCTRequired' in project 'Pods'
        ➜ Explicit dependency on target 'RCTTypeSafety' in project 'Pods'
        ➜ Explicit dependency on target 'React-Core' in project 'Pods'
        ➜ Explicit dependency on target 'React-Fabric' in project 'Pods'
        ➜ Explicit dependency on target 'React-ImageManager' in project 'Pods'
        ➜ Explicit dependency on target 'React-NativeModulesApple' in project 'Pods'
        ➜ Explicit dependency on target 'React-RCTFabric' in project 'Pods'
        ➜ Explicit dependency on target 'React-RCTImage' in project 'Pods'
        ➜ Explicit dependency on target 'React-debug' in project 'Pods'
        ➜ Explicit dependency on target 'React-featureflags' in project 'Pods'
        ➜ Explicit dependency on target 'React-graphics' in project 'Pods'
        ➜ Explicit dependency on target 'React-jsi' in project 'Pods'
        ➜ Explicit dependency on target 'React-renderercss' in project 'Pods'
        ➜ Explicit dependency on target 'React-rendererdebug' in project 'Pods'
        ➜ Explicit dependency on target 'React-utils' in project 'Pods'
        ➜ Explicit dependency on target 'ReactCodegen' in project 'Pods'
        ➜ Explicit dependency on target 'ReactCommon' in project 'Pods'
        ➜ Explicit dependency on target 'SocketRocket' in project 'Pods'
        ➜ Explicit dependency on target 'Yoga' in project 'Pods'
        ➜ Explicit dependency on target 'boost' in project 'Pods'
        ➜ Explicit dependency on target 'fast_float' in project 'Pods'
        ➜ Explicit dependency on target 'fmt' in project 'Pods'
        ➜ Explicit dependency on target 'glog' in project 'Pods'
        ➜ Explicit dependency on target 'hermes-engine' in project 'Pods'
    Target 'ExpoHaptics' in project 'Pods'
        ➜ Explicit dependency on target 'ExpoModulesCore' in project 'Pods'
    Target 'ExpoFont' in project 'Pods'
        ➜ Explicit dependency on target 'ExpoModulesCore' in project 'Pods'
    Target 'ExpoFileSystem' in project 'Pods'
        ➜ Explicit dependency on target 'ExpoFileSystem-ExpoFileSystem_privacy' in project 'Pods'
        ➜ Explicit dependency on target 'ExpoModulesCore' in project 'Pods'
    Target 'ExpoFileSystem-ExpoFileSystem_privacy' in project 'Pods' (no dependencies)
    Target 'ExpoDocumentPicker' in project 'Pods'
        ➜ Explicit dependency on target 'ExpoModulesCore' in project 'Pods'
    Target 'ExpoDevice' in project 'Pods'
        ➜ Explicit dependency on target 'ExpoDevice-ExpoDevice_privacy' in project 'Pods'
        ➜ Explicit dependency on target 'ExpoModulesCore' in project 'Pods'
    Target 'ExpoDevice-ExpoDevice_privacy' in project 'Pods' (no dependencies)
    Target 'ExpoCrypto' in project 'Pods'
        ➜ Explicit dependency on target 'ExpoModulesCore' in project 'Pods'
    Target 'ExpoClipboard' in project 'Pods'
        ➜ Explicit dependency on target 'ExpoModulesCore' in project 'Pods'
    Target 'ExpoBlur' in project 'Pods'
        ➜ Explicit dependency on target 'ExpoModulesCore' in project 'Pods'
    Target 'ExpoAudio' in project 'Pods'
        ➜ Explicit dependency on target 'ExpoModulesCore' in project 'Pods'
    Target 'ExpoAsset' in project 'Pods'
        ➜ Explicit dependency on target 'ExpoModulesCore' in project 'Pods'
    Target 'ExpoAppleAuthentication' in project 'Pods'
        ➜ Explicit dependency on target 'ExpoModulesCore' in project 'Pods'
    Target 'Expo' in project 'Pods'
        ➜ Explicit dependency on target 'DoubleConversion' in project 'Pods'
        ➜ Explicit dependency on target 'ExpoModulesCore' in project 'Pods'
        ➜ Explicit dependency on target 'RCT-Folly' in project 'Pods'
        ➜ Explicit dependency on target 'RCTRequired' in project 'Pods'
        ➜ Explicit dependency on target 'RCTTypeSafety' in project 'Pods'
        ➜ Explicit dependency on target 'React-Core' in project 'Pods'
        ➜ Explicit dependency on target 'React-Fabric' in project 'Pods'
        ➜ Explicit dependency on target 'React-ImageManager' in project 'Pods'
        ➜ Explicit dependency on target 'React-NativeModulesApple' in project 'Pods'
        ➜ Explicit dependency on target 'React-RCTAppDelegate' in project 'Pods'
        ➜ Explicit dependency on target 'React-RCTFabric' in project 'Pods'
        ➜ Explicit dependency on target 'React-debug' in project 'Pods'
        ➜ Explicit dependency on target 'React-featureflags' in project 'Pods'
        ➜ Explicit dependency on target 'React-graphics' in project 'Pods'
        ➜ Explicit dependency on target 'React-jsi' in project 'Pods'
        ➜ Explicit dependency on target 'React-renderercss' in project 'Pods'
        ➜ Explicit dependency on target 'React-rendererdebug' in project 'Pods'
        ➜ Explicit dependency on target 'React-utils' in project 'Pods'
        ➜ Explicit dependency on target 'ReactAppDependencyProvider' in project 'Pods'
        ➜ Explicit dependency on target 'ReactCodegen' in project 'Pods'
        ➜ Explicit dependency on target 'ReactCommon' in project 'Pods'
        ➜ Explicit dependency on target 'SocketRocket' in project 'Pods'
        ➜ Explicit dependency on target 'Yoga' in project 'Pods'
        ➜ Explicit dependency on target 'boost' in project 'Pods'
        ➜ Explicit dependency on target 'fast_float' in project 'Pods'
        ➜ Explicit dependency on target 'fmt' in project 'Pods'
        ➜ Explicit dependency on target 'glog' in project 'Pods'
        ➜ Explicit dependency on target 'hermes-engine' in project 'Pods'
    Target 'ReactAppDependencyProvider' in project 'Pods'
        ➜ Explicit dependency on target 'ReactCodegen' in project 'Pods'
    Target 'EXUpdates' in project 'Pods'
        ➜ Explicit dependency on target 'DoubleConversion' in project 'Pods'
        ➜ Explicit dependency on target 'EASClient' in project 'Pods'
        ➜ Explicit dependency on target 'EXManifests' in project 'Pods'
        ➜ Explicit dependency on target 'EXStructuredHeaders' in project 'Pods'
        ➜ Explicit dependency on target 'EXUpdates-EXUpdates' in project 'Pods'
        ➜ Explicit dependency on target 'EXUpdatesInterface' in project 'Pods'
        ➜ Explicit dependency on target 'ExpoModulesCore' in project 'Pods'
        ➜ Explicit dependency on target 'RCT-Folly' in project 'Pods'
        ➜ Explicit dependency on target 'RCTRequired' in project 'Pods'
        ➜ Explicit dependency on target 'RCTTypeSafety' in project 'Pods'
        ➜ Explicit dependency on target 'ReachabilitySwift' in project 'Pods'
        ➜ Explicit dependency on target 'React-Core' in project 'Pods'
        ➜ Explicit dependency on target 'React-Fabric' in project 'Pods'
        ➜ Explicit dependency on target 'React-ImageManager' in project 'Pods'
        ➜ Explicit dependency on target 'React-NativeModulesApple' in project 'Pods'
        ➜ Explicit dependency on target 'React-RCTFabric' in project 'Pods'
        ➜ Explicit dependency on target 'React-debug' in project 'Pods'
        ➜ Explicit dependency on target 'React-featureflags' in project 'Pods'
        ➜ Explicit dependency on target 'React-graphics' in project 'Pods'
        ➜ Explicit dependency on target 'React-jsi' in project 'Pods'
        ➜ Explicit dependency on target 'React-renderercss' in project 'Pods'
        ➜ Explicit dependency on target 'React-rendererdebug' in project 'Pods'
        ➜ Explicit dependency on target 'React-utils' in project 'Pods'
        ➜ Explicit dependency on target 'ReactCodegen' in project 'Pods'
        ➜ Explicit dependency on target 'ReactCommon' in project 'Pods'
        ➜ Explicit dependency on target 'SocketRocket' in project 'Pods'
        ➜ Explicit dependency on target 'Yoga' in project 'Pods'
        ➜ Explicit dependency on target 'boost' in project 'Pods'
        ➜ Explicit dependency on target 'fast_float' in project 'Pods'
        ➜ Explicit dependency on target 'fmt' in project 'Pods'
        ➜ Explicit dependency on target 'glog' in project 'Pods'
        ➜ Explicit dependency on target 'hermes-engine' in project 'Pods'
    Target 'ReachabilitySwift' in project 'Pods'
        ➜ Explicit dependency on target 'ReachabilitySwift-ReachabilitySwift' in project 'Pods'
    Target 'ReachabilitySwift-ReachabilitySwift' in project 'Pods' (no dependencies)
    Target 'EXUpdatesInterface' in project 'Pods'
        ➜ Explicit dependency on target 'ExpoModulesCore' in project 'Pods'
    Target 'EXUpdates-EXUpdates' in project 'Pods' (no dependencies)
    Target 'EXStructuredHeaders' in project 'Pods' (no dependencies)
    Target 'EXNotifications' in project 'Pods'
        ➜ Explicit dependency on target 'EXNotifications-ExpoNotifications_privacy' in project 'Pods'
        ➜ Explicit dependency on target 'ExpoModulesCore' in project 'Pods'
    Target 'EXNotifications-ExpoNotifications_privacy' in project 'Pods' (no dependencies)
    Target 'EXManifests' in project 'Pods'
        ➜ Explicit dependency on target 'ExpoModulesCore' in project 'Pods'
    Target 'EXJSONUtils' in project 'Pods' (no dependencies)
    Target 'EXImageLoader' in project 'Pods'
        ➜ Explicit dependency on target 'ExpoModulesCore' in project 'Pods'
        ➜ Explicit dependency on target 'React-Core' in project 'Pods'
    Target 'EXConstants' in project 'Pods'
        ➜ Explicit dependency on target 'EXConstants-EXConstants' in project 'Pods'
        ➜ Explicit dependency on target 'EXConstants-ExpoConstants_privacy' in project 'Pods'
        ➜ Explicit dependency on target 'ExpoModulesCore' in project 'Pods'
    Target 'EXConstants-ExpoConstants_privacy' in project 'Pods' (no dependencies)
    Target 'EXConstants-EXConstants' in project 'Pods' (no dependencies)
    Target 'EXApplication' in project 'Pods'
        ➜ Explicit dependency on target 'EXApplication-ExpoApplication_privacy' in project 'Pods'
        ➜ Explicit dependency on target 'ExpoModulesCore' in project 'Pods'
    Target 'EXApplication-ExpoApplication_privacy' in project 'Pods' (no dependencies)
    Target 'EASClient' in project 'Pods'
        ➜ Explicit dependency on target 'ExpoModulesCore' in project 'Pods'
    Target 'ExpoModulesCore' in project 'Pods'
        ➜ Explicit dependency on target 'DoubleConversion' in project 'Pods'
        ➜ Explicit dependency on target 'RCT-Folly' in project 'Pods'
        ➜ Explicit dependency on target 'RCTRequired' in project 'Pods'
        ➜ Explicit dependency on target 'RCTTypeSafety' in project 'Pods'
        ➜ Explicit dependency on target 'React-Core' in project 'Pods'
        ➜ Explicit dependency on target 'React-Fabric' in project 'Pods'
        ➜ Explicit dependency on target 'React-ImageManager' in project 'Pods'
        ➜ Explicit dependency on target 'React-NativeModulesApple' in project 'Pods'
        ➜ Explicit dependency on target 'React-RCTFabric' in project 'Pods'
        ➜ Explicit dependency on target 'React-debug' in project 'Pods'
        ➜ Explicit dependency on target 'React-featureflags' in project 'Pods'
        ➜ Explicit dependency on target 'React-graphics' in project 'Pods'
        ➜ Explicit dependency on target 'React-jsi' in project 'Pods'
        ➜ Explicit dependency on target 'React-jsinspector' in project 'Pods'
        ➜ Explicit dependency on target 'React-renderercss' in project 'Pods'
        ➜ Explicit dependency on target 'React-rendererdebug' in project 'Pods'
        ➜ Explicit dependency on target 'React-utils' in project 'Pods'
        ➜ Explicit dependency on target 'ReactCodegen' in project 'Pods'
        ➜ Explicit dependency on target 'ReactCommon' in project 'Pods'
        ➜ Explicit dependency on target 'SocketRocket' in project 'Pods'
        ➜ Explicit dependency on target 'Yoga' in project 'Pods'
        ➜ Explicit dependency on target 'boost' in project 'Pods'
        ➜ Explicit dependency on target 'fast_float' in project 'Pods'
        ➜ Explicit dependency on target 'fmt' in project 'Pods'
        ➜ Explicit dependency on target 'glog' in project 'Pods'
        ➜ Explicit dependency on target 'hermes-engine' in project 'Pods'
    Target 'ReactCodegen' in project 'Pods'
        ➜ Explicit dependency on target 'DoubleConversion' in project 'Pods'
        ➜ Explicit dependency on target 'RCT-Folly' in project 'Pods'
        ➜ Explicit dependency on target 'RCTRequired' in project 'Pods'
        ➜ Explicit dependency on target 'RCTTypeSafety' in project 'Pods'
        ➜ Explicit dependency on target 'React-Core' in project 'Pods'
        ➜ Explicit dependency on target 'React-Fabric' in project 'Pods'
        ➜ Explicit dependency on target 'React-FabricImage' in project 'Pods'
        ➜ Explicit dependency on target 'React-NativeModulesApple' in project 'Pods'
        ➜ Explicit dependency on target 'React-RCTAppDelegate' in project 'Pods'
        ➜ Explicit dependency on target 'React-debug' in project 'Pods'
        ➜ Explicit dependency on target 'React-featureflags' in project 'Pods'
        ➜ Explicit dependency on target 'React-graphics' in project 'Pods'
        ➜ Explicit dependency on target 'React-jsi' in project 'Pods'
        ➜ Explicit dependency on target 'React-jsiexecutor' in project 'Pods'
        ➜ Explicit dependency on target 'React-rendererdebug' in project 'Pods'
        ➜ Explicit dependency on target 'React-utils' in project 'Pods'
        ➜ Explicit dependency on target 'ReactCommon' in project 'Pods'
        ➜ Explicit dependency on target 'SocketRocket' in project 'Pods'
        ➜ Explicit dependency on target 'boost' in project 'Pods'
        ➜ Explicit dependency on target 'fast_float' in project 'Pods'
        ➜ Explicit dependency on target 'fmt' in project 'Pods'
        ➜ Explicit dependency on target 'glog' in project 'Pods'
        ➜ Explicit dependency on target 'hermes-engine' in project 'Pods'
    Target 'React-RCTAppDelegate' in project 'Pods'
        ➜ Explicit dependency on target 'DoubleConversion' in project 'Pods'
        ➜ Explicit dependency on target 'RCT-Folly' in project 'Pods'
        ➜ Explicit dependency on target 'RCTRequired' in project 'Pods'
        ➜ Explicit dependency on target 'RCTTypeSafety' in project 'Pods'
        ➜ Explicit dependency on target 'React-Core' in project 'Pods'
        ➜ Explicit dependency on target 'React-CoreModules' in project 'Pods'
        ➜ Explicit dependency on target 'React-Fabric' in project 'Pods'
        ➜ Explicit dependency on target 'React-NativeModulesApple' in project 'Pods'
        ➜ Explicit dependency on target 'React-RCTFBReactNativeSpec' in project 'Pods'
        ➜ Explicit dependency on target 'React-RCTFabric' in project 'Pods'
        ➜ Explicit dependency on target 'React-RCTImage' in project 'Pods'
        ➜ Explicit dependency on target 'React-RCTNetwork' in project 'Pods'
        ➜ Explicit dependency on target 'React-RCTRuntime' in project 'Pods'
        ➜ Explicit dependency on target 'React-RuntimeApple' in project 'Pods'
        ➜ Explicit dependency on target 'React-RuntimeCore' in project 'Pods'
        ➜ Explicit dependency on target 'React-debug' in project 'Pods'
        ➜ Explicit dependency on target 'React-defaultsnativemodule' in project 'Pods'
        ➜ Explicit dependency on target 'React-featureflags' in project 'Pods'
        ➜ Explicit dependency on target 'React-graphics' in project 'Pods'
        ➜ Explicit dependency on target 'React-hermes' in project 'Pods'
        ➜ Explicit dependency on target 'React-jsitooling' in project 'Pods'
        ➜ Explicit dependency on target 'React-rendererdebug' in project 'Pods'
        ➜ Explicit dependency on target 'React-runtimeexecutor' in project 'Pods'
        ➜ Explicit dependency on target 'React-runtimescheduler' in project 'Pods'
        ➜ Explicit dependency on target 'React-utils' in project 'Pods'
        ➜ Explicit dependency on target 'ReactCommon' in project 'Pods'
        ➜ Explicit dependency on target 'SocketRocket' in project 'Pods'
        ➜ Explicit dependency on target 'boost' in project 'Pods'
        ➜ Explicit dependency on target 'fast_float' in project 'Pods'
        ➜ Explicit dependency on target 'fmt' in project 'Pods'
        ➜ Explicit dependency on target 'glog' in project 'Pods'
        ➜ Explicit dependency on target 'hermes-engine' in project 'Pods'
    Target 'React-defaultsnativemodule' in project 'Pods'
        ➜ Explicit dependency on target 'DoubleConversion' in project 'Pods'
        ➜ Explicit dependency on target 'RCT-Folly' in project 'Pods'
        ➜ Explicit dependency on target 'React-RCTFBReactNativeSpec' in project 'Pods'
        ➜ Explicit dependency on target 'React-domnativemodule' in project 'Pods'
        ➜ Explicit dependency on target 'React-featureflagsnativemodule' in project 'Pods'
        ➜ Explicit dependency on target 'React-idlecallbacksnativemodule' in project 'Pods'
        ➜ Explicit dependency on target 'React-jsi' in project 'Pods'
        ➜ Explicit dependency on target 'React-jsiexecutor' in project 'Pods'
        ➜ Explicit dependency on target 'React-microtasksnativemodule' in project 'Pods'
        ➜ Explicit dependency on target 'SocketRocket' in project 'Pods'
        ➜ Explicit dependency on target 'boost' in project 'Pods'
        ➜ Explicit dependency on target 'fast_float' in project 'Pods'
        ➜ Explicit dependency on target 'fmt' in project 'Pods'
        ➜ Explicit dependency on target 'glog' in project 'Pods'
        ➜ Explicit dependency on target 'hermes-engine' in project 'Pods'
    Target 'React-microtasksnativemodule' in project 'Pods'
        ➜ Explicit dependency on target 'DoubleConversion' in project 'Pods'
        ➜ Explicit dependency on target 'RCT-Folly' in project 'Pods'
        ➜ Explicit dependency on target 'React-RCTFBReactNativeSpec' in project 'Pods'
        ➜ Explicit dependency on target 'React-jsi' in project 'Pods'
        ➜ Explicit dependency on target 'React-jsiexecutor' in project 'Pods'
        ➜ Explicit dependency on target 'ReactCommon' in project 'Pods'
        ➜ Explicit dependency on target 'SocketRocket' in project 'Pods'
        ➜ Explicit dependency on target 'boost' in project 'Pods'
        ➜ Explicit dependency on target 'fast_float' in project 'Pods'
        ➜ Explicit dependency on target 'fmt' in project 'Pods'
        ➜ Explicit dependency on target 'glog' in project 'Pods'
        ➜ Explicit dependency on target 'hermes-engine' in project 'Pods'
    Target 'React-idlecallbacksnativemodule' in project 'Pods'
        ➜ Explicit dependency on target 'DoubleConversion' in project 'Pods'
        ➜ Explicit dependency on target 'RCT-Folly' in project 'Pods'
        ➜ Explicit dependency on target 'React-RCTFBReactNativeSpec' in project 'Pods'
        ➜ Explicit dependency on target 'React-jsi' in project 'Pods'
        ➜ Explicit dependency on target 'React-jsiexecutor' in project 'Pods'
        ➜ Explicit dependency on target 'React-runtimeexecutor' in project 'Pods'
        ➜ Explicit dependency on target 'React-runtimescheduler' in project 'Pods'
        ➜ Explicit dependency on target 'ReactCommon' in project 'Pods'
        ➜ Explicit dependency on target 'SocketRocket' in project 'Pods'
        ➜ Explicit dependency on target 'boost' in project 'Pods'
        ➜ Explicit dependency on target 'fast_float' in project 'Pods'
        ➜ Explicit dependency on target 'fmt' in project 'Pods'
        ➜ Explicit dependency on target 'glog' in project 'Pods'
        ➜ Explicit dependency on target 'hermes-engine' in project 'Pods'
    Target 'React-featureflagsnativemodule' in project 'Pods'
        ➜ Explicit dependency on target 'DoubleConversion' in project 'Pods'
        ➜ Explicit dependency on target 'RCT-Folly' in project 'Pods'
        ➜ Explicit dependency on target 'React-RCTFBReactNativeSpec' in project 'Pods'
        ➜ Explicit dependency on target 'React-featureflags' in project 'Pods'
        ➜ Explicit dependency on target 'React-jsi' in project 'Pods'
        ➜ Explicit dependency on target 'React-jsiexecutor' in project 'Pods'
        ➜ Explicit dependency on target 'ReactCommon' in project 'Pods'
        ➜ Explicit dependency on target 'SocketRocket' in project 'Pods'
        ➜ Explicit dependency on target 'boost' in project 'Pods'
        ➜ Explicit dependency on target 'fast_float' in project 'Pods'
        ➜ Explicit dependency on target 'fmt' in project 'Pods'
        ➜ Explicit dependency on target 'glog' in project 'Pods'
        ➜ Explicit dependency on target 'hermes-engine' in project 'Pods'
    Target 'React-domnativemodule' in project 'Pods'
        ➜ Explicit dependency on target 'DoubleConversion' in project 'Pods'
        ➜ Explicit dependency on target 'RCT-Folly' in project 'Pods'
        ➜ Explicit dependency on target 'React-Fabric' in project 'Pods'
        ➜ Explicit dependency on target 'React-FabricComponents' in project 'Pods'
        ➜ Explicit dependency on target 'React-RCTFBReactNativeSpec' in project 'Pods'
        ➜ Explicit dependency on target 'React-graphics' in project 'Pods'
        ➜ Explicit dependency on target 'React-jsi' in project 'Pods'
        ➜ Explicit dependency on target 'React-jsiexecutor' in project 'Pods'
        ➜ Explicit dependency on target 'React-runtimeexecutor' in project 'Pods'
        ➜ Explicit dependency on target 'ReactCommon' in project 'Pods'
        ➜ Explicit dependency on target 'SocketRocket' in project 'Pods'
        ➜ Explicit dependency on target 'Yoga' in project 'Pods'
        ➜ Explicit dependency on target 'boost' in project 'Pods'
        ➜ Explicit dependency on target 'fast_float' in project 'Pods'
        ➜ Explicit dependency on target 'fmt' in project 'Pods'
        ➜ Explicit dependency on target 'glog' in project 'Pods'
        ➜ Explicit dependency on target 'hermes-engine' in project 'Pods'
    Target 'React-RCTRuntime' in project 'Pods'
        ➜ Explicit dependency on target 'DoubleConversion' in project 'Pods'
        ➜ Explicit dependency on target 'RCT-Folly' in project 'Pods'
        ➜ Explicit dependency on target 'React-Core' in project 'Pods'
        ➜ Explicit dependency on target 'React-RuntimeApple' in project 'Pods'
        ➜ Explicit dependency on target 'React-RuntimeCore' in project 'Pods'
        ➜ Explicit dependency on target 'React-RuntimeHermes' in project 'Pods'
        ➜ Explicit dependency on target 'React-jsi' in project 'Pods'
        ➜ Explicit dependency on target 'React-jsinspector' in project 'Pods'
        ➜ Explicit dependency on target 'React-jsinspectorcdp' in project 'Pods'
        ➜ Explicit dependency on target 'React-jsinspectortracing' in project 'Pods'
        ➜ Explicit dependency on target 'React-jsitooling' in project 'Pods'
        ➜ Explicit dependency on target 'React-runtimeexecutor' in project 'Pods'
        ➜ Explicit dependency on target 'SocketRocket' in project 'Pods'
        ➜ Explicit dependency on target 'boost' in project 'Pods'
        ➜ Explicit dependency on target 'fast_float' in project 'Pods'
        ➜ Explicit dependency on target 'fmt' in project 'Pods'
        ➜ Explicit dependency on target 'glog' in project 'Pods'
        ➜ Explicit dependency on target 'hermes-engine' in project 'Pods'
    Target 'React-RuntimeApple' in project 'Pods'
        ➜ Explicit dependency on target 'DoubleConversion' in project 'Pods'
        ➜ Explicit dependency on target 'RCT-Folly' in project 'Pods'
        ➜ Explicit dependency on target 'React-Core' in project 'Pods'
        ➜ Explicit dependency on target 'React-CoreModules' in project 'Pods'
        ➜ Explicit dependency on target 'React-Mapbuffer' in project 'Pods'
        ➜ Explicit dependency on target 'React-NativeModulesApple' in project 'Pods'
        ➜ Explicit dependency on target 'React-RCTFBReactNativeSpec' in project 'Pods'
        ➜ Explicit dependency on target 'React-RCTFabric' in project 'Pods'
        ➜ Explicit dependency on target 'React-RuntimeCore' in project 'Pods'
        ➜ Explicit dependency on target 'React-RuntimeHermes' in project 'Pods'
        ➜ Explicit dependency on target 'React-callinvoker' in project 'Pods'
        ➜ Explicit dependency on target 'React-cxxreact' in project 'Pods'
        ➜ Explicit dependency on target 'React-featureflags' in project 'Pods'
        ➜ Explicit dependency on target 'React-jserrorhandler' in project 'Pods'
        ➜ Explicit dependency on target 'React-jsi' in project 'Pods'
        ➜ Explicit dependency on target 'React-jsiexecutor' in project 'Pods'
        ➜ Explicit dependency on target 'React-jsinspector' in project 'Pods'
        ➜ Explicit dependency on target 'React-jsitooling' in project 'Pods'
        ➜ Explicit dependency on target 'React-runtimeexecutor' in project 'Pods'
        ➜ Explicit dependency on target 'React-runtimescheduler' in project 'Pods'
        ➜ Explicit dependency on target 'React-utils' in project 'Pods'
        ➜ Explicit dependency on target 'SocketRocket' in project 'Pods'
        ➜ Explicit dependency on target 'boost' in project 'Pods'
        ➜ Explicit dependency on target 'fast_float' in project 'Pods'
        ➜ Explicit dependency on target 'fmt' in project 'Pods'
        ➜ Explicit dependency on target 'glog' in project 'Pods'
        ➜ Explicit dependency on target 'hermes-engine' in project 'Pods'
    Target 'React-RuntimeHermes' in project 'Pods'
        ➜ Explicit dependency on target 'DoubleConversion' in project 'Pods'
        ➜ Explicit dependency on target 'RCT-Folly' in project 'Pods'
        ➜ Explicit dependency on target 'React-RuntimeCore' in project 'Pods'
        ➜ Explicit dependency on target 'React-featureflags' in project 'Pods'
        ➜ Explicit dependency on target 'React-hermes' in project 'Pods'
        ➜ Explicit dependency on target 'React-jsi' in project 'Pods'
        ➜ Explicit dependency on target 'React-jsinspector' in project 'Pods'
        ➜ Explicit dependency on target 'React-jsinspectorcdp' in project 'Pods'
        ➜ Explicit dependency on target 'React-jsinspectortracing' in project 'Pods'
        ➜ Explicit dependency on target 'React-jsitooling' in project 'Pods'
        ➜ Explicit dependency on target 'React-jsitracing' in project 'Pods'
        ➜ Explicit dependency on target 'React-runtimeexecutor' in project 'Pods'
        ➜ Explicit dependency on target 'React-utils' in project 'Pods'
        ➜ Explicit dependency on target 'SocketRocket' in project 'Pods'
        ➜ Explicit dependency on target 'boost' in project 'Pods'
        ➜ Explicit dependency on target 'fast_float' in project 'Pods'
        ➜ Explicit dependency on target 'fmt' in project 'Pods'
        ➜ Explicit dependency on target 'glog' in project 'Pods'
        ➜ Explicit dependency on target 'hermes-engine' in project 'Pods'
    Target 'React-jsitracing' in project 'Pods'
        ➜ Explicit dependency on target 'React-jsi' in project 'Pods'
    Target 'React-RuntimeCore' in project 'Pods'
        ➜ Explicit dependency on target 'DoubleConversion' in project 'Pods'
        ➜ Explicit dependency on target 'RCT-Folly' in project 'Pods'
        ➜ Explicit dependency on target 'React-Fabric' in project 'Pods'
        ➜ Explicit dependency on target 'React-cxxreact' in project 'Pods'
        ➜ Explicit dependency on target 'React-featureflags' in project 'Pods'
        ➜ Explicit dependency on target 'React-jserrorhandler' in project 'Pods'
        ➜ Explicit dependency on target 'React-jsi' in project 'Pods'
        ➜ Explicit dependency on target 'React-jsiexecutor' in project 'Pods'
        ➜ Explicit dependency on target 'React-jsinspector' in project 'Pods'
        ➜ Explicit dependency on target 'React-jsitooling' in project 'Pods'
        ➜ Explicit dependency on target 'React-performancetimeline' in project 'Pods'
        ➜ Explicit dependency on target 'React-runtimeexecutor' in project 'Pods'
        ➜ Explicit dependency on target 'React-runtimescheduler' in project 'Pods'
        ➜ Explicit dependency on target 'React-utils' in project 'Pods'
        ➜ Explicit dependency on target 'SocketRocket' in project 'Pods'
        ➜ Explicit dependency on target 'boost' in project 'Pods'
        ➜ Explicit dependency on target 'fast_float' in project 'Pods'
        ➜ Explicit dependency on target 'fmt' in project 'Pods'
        ➜ Explicit dependency on target 'glog' in project 'Pods'
        ➜ Explicit dependency on target 'hermes-engine' in project 'Pods'
    Target 'React-jserrorhandler' in project 'Pods'
        ➜ Explicit dependency on target 'DoubleConversion' in project 'Pods'
        ➜ Explicit dependency on target 'RCT-Folly' in project 'Pods'
        ➜ Explicit dependency on target 'React-cxxreact' in project 'Pods'
        ➜ Explicit dependency on target 'React-debug' in project 'Pods'
        ➜ Explicit dependency on target 'React-featureflags' in project 'Pods'
        ➜ Explicit dependency on target 'React-jsi' in project 'Pods'
        ➜ Explicit dependency on target 'ReactCommon' in project 'Pods'
        ➜ Explicit dependency on target 'SocketRocket' in project 'Pods'
        ➜ Explicit dependency on target 'boost' in project 'Pods'
        ➜ Explicit dependency on target 'fast_float' in project 'Pods'
        ➜ Explicit dependency on target 'fmt' in project 'Pods'
        ➜ Explicit dependency on target 'glog' in project 'Pods'
        ➜ Explicit dependency on target 'hermes-engine' in project 'Pods'
    Target 'React-Mapbuffer' in project 'Pods'
        ➜ Explicit dependency on target 'DoubleConversion' in project 'Pods'
        ➜ Explicit dependency on target 'RCT-Folly' in project 'Pods'
        ➜ Explicit dependency on target 'React-debug' in project 'Pods'
        ➜ Explicit dependency on target 'SocketRocket' in project 'Pods'
        ➜ Explicit dependency on target 'boost' in project 'Pods'
        ➜ Explicit dependency on target 'fast_float' in project 'Pods'
        ➜ Explicit dependency on target 'fmt' in project 'Pods'
        ➜ Explicit dependency on target 'glog' in project 'Pods'
    Target 'React-CoreModules' in project 'Pods'
        ➜ Explicit dependency on target 'DoubleConversion' in project 'Pods'
        ➜ Explicit dependency on target 'RCT-Folly' in project 'Pods'
        ➜ Explicit dependency on target 'RCTTypeSafety' in project 'Pods'
        ➜ Explicit dependency on target 'React-Core' in project 'Pods'
        ➜ Explicit dependency on target 'React-NativeModulesApple' in project 'Pods'
        ➜ Explicit dependency on target 'React-RCTBlob' in project 'Pods'
        ➜ Explicit dependency on target 'React-RCTFBReactNativeSpec' in project 'Pods'
        ➜ Explicit dependency on target 'React-RCTImage' in project 'Pods'
        ➜ Explicit dependency on target 'React-jsi' in project 'Pods'
        ➜ Explicit dependency on target 'React-jsinspector' in project 'Pods'
        ➜ Explicit dependency on target 'React-jsinspectorcdp' in project 'Pods'
        ➜ Explicit dependency on target 'React-jsinspectortracing' in project 'Pods'
        ➜ Explicit dependency on target 'React-runtimeexecutor' in project 'Pods'
        ➜ Explicit dependency on target 'ReactCommon' in project 'Pods'
        ➜ Explicit dependency on target 'SocketRocket' in project 'Pods'
        ➜ Explicit dependency on target 'boost' in project 'Pods'
        ➜ Explicit dependency on target 'fast_float' in project 'Pods'
        ➜ Explicit dependency on target 'fmt' in project 'Pods'
        ➜ Explicit dependency on target 'glog' in project 'Pods'
    Target 'React-RCTBlob' in project 'Pods'
        ➜ Explicit dependency on target 'DoubleConversion' in project 'Pods'
        ➜ Explicit dependency on target 'RCT-Folly' in project 'Pods'
        ➜ Explicit dependency on target 'React-Core' in project 'Pods'
        ➜ Explicit dependency on target 'React-NativeModulesApple' in project 'Pods'
        ➜ Explicit dependency on target 'React-RCTFBReactNativeSpec' in project 'Pods'
        ➜ Explicit dependency on target 'React-RCTNetwork' in project 'Pods'
        ➜ Explicit dependency on target 'React-jsi' in project 'Pods'
        ➜ Explicit dependency on target 'React-jsinspector' in project 'Pods'
        ➜ Explicit dependency on target 'React-jsinspectorcdp' in project 'Pods'
        ➜ Explicit dependency on target 'ReactCommon' in project 'Pods'
        ➜ Explicit dependency on target 'SocketRocket' in project 'Pods'
        ➜ Explicit dependency on target 'boost' in project 'Pods'
        ➜ Explicit dependency on target 'fast_float' in project 'Pods'
        ➜ Explicit dependency on target 'fmt' in project 'Pods'
        ➜ Explicit dependency on target 'glog' in project 'Pods'
        ➜ Explicit dependency on target 'hermes-engine' in project 'Pods'
    Target 'React-RCTFabric' in project 'Pods'
        ➜ Explicit dependency on target 'DoubleConversion' in project 'Pods'
        ➜ Explicit dependency on target 'RCT-Folly' in project 'Pods'
        ➜ Explicit dependency on target 'React-Core' in project 'Pods'
        ➜ Explicit dependency on target 'React-Fabric' in project 'Pods'
        ➜ Explicit dependency on target 'React-FabricComponents' in project 'Pods'
        ➜ Explicit dependency on target 'React-FabricImage' in project 'Pods'
        ➜ Explicit dependency on target 'React-ImageManager' in project 'Pods'
        ➜ Explicit dependency on target 'React-RCTAnimation' in project 'Pods'
        ➜ Explicit dependency on target 'React-RCTFBReactNativeSpec' in project 'Pods'
        ➜ Explicit dependency on target 'React-RCTImage' in project 'Pods'
        ➜ Explicit dependency on target 'React-RCTText' in project 'Pods'
        ➜ Explicit dependency on target 'React-debug' in project 'Pods'
        ➜ Explicit dependency on target 'React-featureflags' in project 'Pods'
        ➜ Explicit dependency on target 'React-graphics' in project 'Pods'
        ➜ Explicit dependency on target 'React-jsi' in project 'Pods'
        ➜ Explicit dependency on target 'React-jsinspector' in project 'Pods'
        ➜ Explicit dependency on target 'React-jsinspectorcdp' in project 'Pods'
        ➜ Explicit dependency on target 'React-jsinspectornetwork' in project 'Pods'
        ➜ Explicit dependency on target 'React-jsinspectortracing' in project 'Pods'
        ➜ Explicit dependency on target 'React-performancetimeline' in project 'Pods'
        ➜ Explicit dependency on target 'React-rendererconsistency' in project 'Pods'
        ➜ Explicit dependency on target 'React-renderercss' in project 'Pods'
        ➜ Explicit dependency on target 'React-rendererdebug' in project 'Pods'
        ➜ Explicit dependency on target 'React-runtimeexecutor' in project 'Pods'
        ➜ Explicit dependency on target 'React-runtimescheduler' in project 'Pods'
        ➜ Explicit dependency on target 'React-utils' in project 'Pods'
        ➜ Explicit dependency on target 'SocketRocket' in project 'Pods'
        ➜ Explicit dependency on target 'Yoga' in project 'Pods'
        ➜ Explicit dependency on target 'boost' in project 'Pods'
        ➜ Explicit dependency on target 'fast_float' in project 'Pods'
        ➜ Explicit dependency on target 'fmt' in project 'Pods'
        ➜ Explicit dependency on target 'glog' in project 'Pods'
        ➜ Explicit dependency on target 'hermes-engine' in project 'Pods'
    Target 'React-RCTText' in project 'Pods'
        ➜ Explicit dependency on target 'React-Core' in project 'Pods'
        ➜ Explicit dependency on target 'Yoga' in project 'Pods'
    Target 'React-RCTImage' in project 'Pods'
        ➜ Explicit dependency on target 'DoubleConversion' in project 'Pods'
        ➜ Explicit dependency on target 'RCT-Folly' in project 'Pods'
        ➜ Explicit dependency on target 'RCTTypeSafety' in project 'Pods'
        ➜ Explicit dependency on target 'React-Core' in project 'Pods'
        ➜ Explicit dependency on target 'React-NativeModulesApple' in project 'Pods'
        ➜ Explicit dependency on target 'React-RCTFBReactNativeSpec' in project 'Pods'
        ➜ Explicit dependency on target 'React-RCTNetwork' in project 'Pods'
        ➜ Explicit dependency on target 'React-jsi' in project 'Pods'
        ➜ Explicit dependency on target 'ReactCommon' in project 'Pods'
        ➜ Explicit dependency on target 'SocketRocket' in project 'Pods'
        ➜ Explicit dependency on target 'boost' in project 'Pods'
        ➜ Explicit dependency on target 'fast_float' in project 'Pods'
        ➜ Explicit dependency on target 'fmt' in project 'Pods'
        ➜ Explicit dependency on target 'glog' in project 'Pods'
    Target 'React-RCTNetwork' in project 'Pods'
        ➜ Explicit dependency on target 'DoubleConversion' in project 'Pods'
        ➜ Explicit dependency on target 'RCT-Folly' in project 'Pods'
        ➜ Explicit dependency on target 'RCTTypeSafety' in project 'Pods'
        ➜ Explicit dependency on target 'React-Core' in project 'Pods'
        ➜ Explicit dependency on target 'React-NativeModulesApple' in project 'Pods'
        ➜ Explicit dependency on target 'React-RCTFBReactNativeSpec' in project 'Pods'
        ➜ Explicit dependency on target 'React-featureflags' in project 'Pods'
        ➜ Explicit dependency on target 'React-jsi' in project 'Pods'
        ➜ Explicit dependency on target 'React-jsinspectorcdp' in project 'Pods'
        ➜ Explicit dependency on target 'React-jsinspectornetwork' in project 'Pods'
        ➜ Explicit dependency on target 'ReactCommon' in project 'Pods'
        ➜ Explicit dependency on target 'SocketRocket' in project 'Pods'
        ➜ Explicit dependency on target 'boost' in project 'Pods'
        ➜ Explicit dependency on target 'fast_float' in project 'Pods'
        ➜ Explicit dependency on target 'fmt' in project 'Pods'
        ➜ Explicit dependency on target 'glog' in project 'Pods'
    Target 'React-RCTAnimation' in project 'Pods'
        ➜ Explicit dependency on target 'DoubleConversion' in project 'Pods'
        ➜ Explicit dependency on target 'RCT-Folly' in project 'Pods'
        ➜ Explicit dependency on target 'RCTTypeSafety' in project 'Pods'
        ➜ Explicit dependency on target 'React-Core' in project 'Pods'
        ➜ Explicit dependency on target 'React-NativeModulesApple' in project 'Pods'
        ➜ Explicit dependency on target 'React-RCTFBReactNativeSpec' in project 'Pods'
        ➜ Explicit dependency on target 'React-featureflags' in project 'Pods'
        ➜ Explicit dependency on target 'React-jsi' in project 'Pods'
        ➜ Explicit dependency on target 'ReactCommon' in project 'Pods'
        ➜ Explicit dependency on target 'SocketRocket' in project 'Pods'
        ➜ Explicit dependency on target 'boost' in project 'Pods'
        ➜ Explicit dependency on target 'fast_float' in project 'Pods'
        ➜ Explicit dependency on target 'fmt' in project 'Pods'
        ➜ Explicit dependency on target 'glog' in project 'Pods'
    Target 'React-FabricImage' in project 'Pods'
        ➜ Explicit dependency on target 'DoubleConversion' in project 'Pods'
        ➜ Explicit dependency on target 'RCT-Folly' in project 'Pods'
        ➜ Explicit dependency on target 'RCTRequired' in project 'Pods'
        ➜ Explicit dependency on target 'RCTTypeSafety' in project 'Pods'
        ➜ Explicit dependency on target 'React-Fabric' in project 'Pods'
        ➜ Explicit dependency on target 'React-ImageManager' in project 'Pods'
        ➜ Explicit dependency on target 'React-featureflags' in project 'Pods'
        ➜ Explicit dependency on target 'React-graphics' in project 'Pods'
        ➜ Explicit dependency on target 'React-jsi' in project 'Pods'
        ➜ Explicit dependency on target 'React-jsiexecutor' in project 'Pods'
        ➜ Explicit dependency on target 'React-logger' in project 'Pods'
        ➜ Explicit dependency on target 'React-rendererdebug' in project 'Pods'
        ➜ Explicit dependency on target 'React-utils' in project 'Pods'
        ➜ Explicit dependency on target 'ReactCommon' in project 'Pods'
        ➜ Explicit dependency on target 'SocketRocket' in project 'Pods'
        ➜ Explicit dependency on target 'Yoga' in project 'Pods'
        ➜ Explicit dependency on target 'boost' in project 'Pods'
        ➜ Explicit dependency on target 'fast_float' in project 'Pods'
        ➜ Explicit dependency on target 'fmt' in project 'Pods'
        ➜ Explicit dependency on target 'glog' in project 'Pods'
        ➜ Explicit dependency on target 'hermes-engine' in project 'Pods'
    Target 'React-FabricComponents' in project 'Pods'
        ➜ Explicit dependency on target 'DoubleConversion' in project 'Pods'
        ➜ Explicit dependency on target 'RCT-Folly' in project 'Pods'
        ➜ Explicit dependency on target 'RCTRequired' in project 'Pods'
        ➜ Explicit dependency on target 'RCTTypeSafety' in project 'Pods'
        ➜ Explicit dependency on target 'React-Core' in project 'Pods'
        ➜ Explicit dependency on target 'React-Fabric' in project 'Pods'
        ➜ Explicit dependency on target 'React-RCTFBReactNativeSpec' in project 'Pods'
        ➜ Explicit dependency on target 'React-cxxreact' in project 'Pods'
        ➜ Explicit dependency on target 'React-debug' in project 'Pods'
        ➜ Explicit dependency on target 'React-featureflags' in project 'Pods'
        ➜ Explicit dependency on target 'React-graphics' in project 'Pods'
        ➜ Explicit dependency on target 'React-jsi' in project 'Pods'
        ➜ Explicit dependency on target 'React-jsiexecutor' in project 'Pods'
        ➜ Explicit dependency on target 'React-logger' in project 'Pods'
        ➜ Explicit dependency on target 'React-rendererdebug' in project 'Pods'
        ➜ Explicit dependency on target 'React-runtimescheduler' in project 'Pods'
        ➜ Explicit dependency on target 'React-utils' in project 'Pods'
        ➜ Explicit dependency on target 'ReactCommon' in project 'Pods'
        ➜ Explicit dependency on target 'SocketRocket' in project 'Pods'
        ➜ Explicit dependency on target 'Yoga' in project 'Pods'
        ➜ Explicit dependency on target 'boost' in project 'Pods'
        ➜ Explicit dependency on target 'fast_float' in project 'Pods'
        ➜ Explicit dependency on target 'fmt' in project 'Pods'
        ➜ Explicit dependency on target 'glog' in project 'Pods'
        ➜ Explicit dependency on target 'hermes-engine' in project 'Pods'
    Target 'React-RCTFBReactNativeSpec' in project 'Pods'
        ➜ Explicit dependency on target 'DoubleConversion' in project 'Pods'
        ➜ Explicit dependency on target 'RCT-Folly' in project 'Pods'
        ➜ Explicit dependency on target 'RCTRequired' in project 'Pods'
        ➜ Explicit dependency on target 'RCTTypeSafety' in project 'Pods'
        ➜ Explicit dependency on target 'React-Core' in project 'Pods'
        ➜ Explicit dependency on target 'React-Fabric' in project 'Pods'
        ➜ Explicit dependency on target 'React-NativeModulesApple' in project 'Pods'
        ➜ Explicit dependency on target 'React-debug' in project 'Pods'
        ➜ Explicit dependency on target 'React-featureflags' in project 'Pods'
        ➜ Explicit dependency on target 'React-graphics' in project 'Pods'
        ➜ Explicit dependency on target 'React-jsi' in project 'Pods'
        ➜ Explicit dependency on target 'React-rendererdebug' in project 'Pods'
        ➜ Explicit dependency on target 'React-utils' in project 'Pods'
        ➜ Explicit dependency on target 'ReactCommon' in project 'Pods'
        ➜ Explicit dependency on target 'SocketRocket' in project 'Pods'
        ➜ Explicit dependency on target 'Yoga' in project 'Pods'
        ➜ Explicit dependency on target 'boost' in project 'Pods'
        ➜ Explicit dependency on target 'fast_float' in project 'Pods'
        ➜ Explicit dependency on target 'fmt' in project 'Pods'
        ➜ Explicit dependency on target 'glog' in project 'Pods'
        ➜ Explicit dependency on target 'hermes-engine' in project 'Pods'
    Target 'React-NativeModulesApple' in project 'Pods'
        ➜ Explicit dependency on target 'DoubleConversion' in project 'Pods'
        ➜ Explicit dependency on target 'RCT-Folly' in project 'Pods'
        ➜ Explicit dependency on target 'React-Core' in project 'Pods'
        ➜ Explicit dependency on target 'React-callinvoker' in project 'Pods'
        ➜ Explicit dependency on target 'React-cxxreact' in project 'Pods'
        ➜ Explicit dependency on target 'React-featureflags' in project 'Pods'
        ➜ Explicit dependency on target 'React-jsi' in project 'Pods'
        ➜ Explicit dependency on target 'React-jsinspector' in project 'Pods'
        ➜ Explicit dependency on target 'React-jsinspectorcdp' in project 'Pods'
        ➜ Explicit dependency on target 'React-runtimeexecutor' in project 'Pods'
        ➜ Explicit dependency on target 'ReactCommon' in project 'Pods'
        ➜ Explicit dependency on target 'SocketRocket' in project 'Pods'
        ➜ Explicit dependency on target 'boost' in project 'Pods'
        ➜ Explicit dependency on target 'fast_float' in project 'Pods'
        ➜ Explicit dependency on target 'fmt' in project 'Pods'
        ➜ Explicit dependency on target 'glog' in project 'Pods'
        ➜ Explicit dependency on target 'hermes-engine' in project 'Pods'
    Target 'React-ImageManager' in project 'Pods'
        ➜ Explicit dependency on target 'DoubleConversion' in project 'Pods'
        ➜ Explicit dependency on target 'RCT-Folly' in project 'Pods'
        ➜ Explicit dependency on target 'React-Core' in project 'Pods'
        ➜ Explicit dependency on target 'React-Fabric' in project 'Pods'
        ➜ Explicit dependency on target 'React-debug' in project 'Pods'
        ➜ Explicit dependency on target 'React-graphics' in project 'Pods'
        ➜ Explicit dependency on target 'React-rendererdebug' in project 'Pods'
        ➜ Explicit dependency on target 'React-utils' in project 'Pods'
        ➜ Explicit dependency on target 'SocketRocket' in project 'Pods'
        ➜ Explicit dependency on target 'boost' in project 'Pods'
        ➜ Explicit dependency on target 'fast_float' in project 'Pods'
        ➜ Explicit dependency on target 'fmt' in project 'Pods'
        ➜ Explicit dependency on target 'glog' in project 'Pods'
    Target 'React-Fabric' in project 'Pods'
        ➜ Explicit dependency on target 'DoubleConversion' in project 'Pods'
        ➜ Explicit dependency on target 'RCT-Folly' in project 'Pods'
        ➜ Explicit dependency on target 'RCTRequired' in project 'Pods'
        ➜ Explicit dependency on target 'RCTTypeSafety' in project 'Pods'
        ➜ Explicit dependency on target 'React-Core' in project 'Pods'
        ➜ Explicit dependency on target 'React-cxxreact' in project 'Pods'
        ➜ Explicit dependency on target 'React-debug' in project 'Pods'
        ➜ Explicit dependency on target 'React-featureflags' in project 'Pods'
        ➜ Explicit dependency on target 'React-graphics' in project 'Pods'
        ➜ Explicit dependency on target 'React-jsi' in project 'Pods'
        ➜ Explicit dependency on target 'React-jsiexecutor' in project 'Pods'
        ➜ Explicit dependency on target 'React-logger' in project 'Pods'
        ➜ Explicit dependency on target 'React-performancetimeline' in project 'Pods'
        ➜ Explicit dependency on target 'React-rendererconsistency' in project 'Pods'
        ➜ Explicit dependency on target 'React-renderercss' in project 'Pods'
        ➜ Explicit dependency on target 'React-rendererdebug' in project 'Pods'
        ➜ Explicit dependency on target 'React-runtimeexecutor' in project 'Pods'
        ➜ Explicit dependency on target 'React-runtimescheduler' in project 'Pods'
        ➜ Explicit dependency on target 'React-utils' in project 'Pods'
        ➜ Explicit dependency on target 'ReactCommon' in project 'Pods'
        ➜ Explicit dependency on target 'SocketRocket' in project 'Pods'
        ➜ Explicit dependency on target 'Yoga' in project 'Pods'
        ➜ Explicit dependency on target 'boost' in project 'Pods'
        ➜ Explicit dependency on target 'fast_float' in project 'Pods'
        ➜ Explicit dependency on target 'fmt' in project 'Pods'
        ➜ Explicit dependency on target 'glog' in project 'Pods'
        ➜ Explicit dependency on target 'hermes-engine' in project 'Pods'
    Target 'ReactCommon' in project 'Pods'
        ➜ Explicit dependency on target 'DoubleConversion' in project 'Pods'
        ➜ Explicit dependency on target 'RCT-Folly' in project 'Pods'
        ➜ Explicit dependency on target 'React-callinvoker' in project 'Pods'
        ➜ Explicit dependency on target 'React-cxxreact' in project 'Pods'
        ➜ Explicit dependency on target 'React-debug' in project 'Pods'
        ➜ Explicit dependency on target 'React-featureflags' in project 'Pods'
        ➜ Explicit dependency on target 'React-jsi' in project 'Pods'
        ➜ Explicit dependency on target 'React-logger' in project 'Pods'
        ➜ Explicit dependency on target 'React-perflogger' in project 'Pods'
        ➜ Explicit dependency on target 'React-utils' in project 'Pods'
        ➜ Explicit dependency on target 'SocketRocket' in project 'Pods'
        ➜ Explicit dependency on target 'boost' in project 'Pods'
        ➜ Explicit dependency on target 'fast_float' in project 'Pods'
        ➜ Explicit dependency on target 'fmt' in project 'Pods'
        ➜ Explicit dependency on target 'glog' in project 'Pods'
        ➜ Explicit dependency on target 'hermes-engine' in project 'Pods'
    Target 'React-renderercss' in project 'Pods'
        ➜ Explicit dependency on target 'React-debug' in project 'Pods'
        ➜ Explicit dependency on target 'React-utils' in project 'Pods'
    Target 'React-graphics' in project 'Pods'
        ➜ Explicit dependency on target 'DoubleConversion' in project 'Pods'
        ➜ Explicit dependency on target 'RCT-Folly' in project 'Pods'
        ➜ Explicit dependency on target 'React-jsi' in project 'Pods'
        ➜ Explicit dependency on target 'React-jsiexecutor' in project 'Pods'
        ➜ Explicit dependency on target 'React-utils' in project 'Pods'
        ➜ Explicit dependency on target 'SocketRocket' in project 'Pods'
        ➜ Explicit dependency on target 'boost' in project 'Pods'
        ➜ Explicit dependency on target 'fast_float' in project 'Pods'
        ➜ Explicit dependency on target 'fmt' in project 'Pods'
        ➜ Explicit dependency on target 'glog' in project 'Pods'
        ➜ Explicit dependency on target 'hermes-engine' in project 'Pods'
    Target 'RCTTypeSafety' in project 'Pods'
        ➜ Explicit dependency on target 'FBLazyVector' in project 'Pods'
        ➜ Explicit dependency on target 'RCTRequired' in project 'Pods'
        ➜ Explicit dependency on target 'React-Core' in project 'Pods'
    Target 'React-Core' in project 'Pods'
        ➜ Explicit dependency on target 'DoubleConversion' in project 'Pods'
        ➜ Explicit dependency on target 'RCT-Folly' in project 'Pods'
        ➜ Explicit dependency on target 'RCTDeprecation' in project 'Pods'
        ➜ Explicit dependency on target 'React-Core-React-Core_privacy' in project 'Pods'
        ➜ Explicit dependency on target 'React-cxxreact' in project 'Pods'
        ➜ Explicit dependency on target 'React-featureflags' in project 'Pods'
        ➜ Explicit dependency on target 'React-hermes' in project 'Pods'
        ➜ Explicit dependency on target 'React-jsi' in project 'Pods'
        ➜ Explicit dependency on target 'React-jsiexecutor' in project 'Pods'
        ➜ Explicit dependency on target 'React-jsinspector' in project 'Pods'
        ➜ Explicit dependency on target 'React-jsinspectorcdp' in project 'Pods'
        ➜ Explicit dependency on target 'React-jsitooling' in project 'Pods'
        ➜ Explicit dependency on target 'React-perflogger' in project 'Pods'
        ➜ Explicit dependency on target 'React-runtimeexecutor' in project 'Pods'
        ➜ Explicit dependency on target 'React-runtimescheduler' in project 'Pods'
        ➜ Explicit dependency on target 'React-utils' in project 'Pods'
        ➜ Explicit dependency on target 'SocketRocket' in project 'Pods'
        ➜ Explicit dependency on target 'Yoga' in project 'Pods'
        ➜ Explicit dependency on target 'boost' in project 'Pods'
        ➜ Explicit dependency on target 'fast_float' in project 'Pods'
        ➜ Explicit dependency on target 'fmt' in project 'Pods'
        ➜ Explicit dependency on target 'glog' in project 'Pods'
        ➜ Explicit dependency on target 'hermes-engine' in project 'Pods'
    Target 'Yoga' in project 'Pods' (no dependencies)
    Target 'React-runtimescheduler' in project 'Pods'
        ➜ Explicit dependency on target 'DoubleConversion' in project 'Pods'
        ➜ Explicit dependency on target 'RCT-Folly' in project 'Pods'
        ➜ Explicit dependency on target 'React-callinvoker' in project 'Pods'
        ➜ Explicit dependency on target 'React-cxxreact' in project 'Pods'
        ➜ Explicit dependency on target 'React-debug' in project 'Pods'
        ➜ Explicit dependency on target 'React-featureflags' in project 'Pods'
        ➜ Explicit dependency on target 'React-jsi' in project 'Pods'
        ➜ Explicit dependency on target 'React-jsinspectortracing' in project 'Pods'
        ➜ Explicit dependency on target 'React-performancetimeline' in project 'Pods'
        ➜ Explicit dependency on target 'React-rendererconsistency' in project 'Pods'
        ➜ Explicit dependency on target 'React-rendererdebug' in project 'Pods'
        ➜ Explicit dependency on target 'React-runtimeexecutor' in project 'Pods'
        ➜ Explicit dependency on target 'React-timing' in project 'Pods'
        ➜ Explicit dependency on target 'React-utils' in project 'Pods'
        ➜ Explicit dependency on target 'SocketRocket' in project 'Pods'
        ➜ Explicit dependency on target 'boost' in project 'Pods'
        ➜ Explicit dependency on target 'fast_float' in project 'Pods'
        ➜ Explicit dependency on target 'fmt' in project 'Pods'
        ➜ Explicit dependency on target 'glog' in project 'Pods'
        ➜ Explicit dependency on target 'hermes-engine' in project 'Pods'
    Target 'React-rendererdebug' in project 'Pods'
        ➜ Explicit dependency on target 'DoubleConversion' in project 'Pods'
        ➜ Explicit dependency on target 'RCT-Folly' in project 'Pods'
        ➜ Explicit dependency on target 'React-debug' in project 'Pods'
        ➜ Explicit dependency on target 'SocketRocket' in project 'Pods'
        ➜ Explicit dependency on target 'boost' in project 'Pods'
        ➜ Explicit dependency on target 'fast_float' in project 'Pods'
        ➜ Explicit dependency on target 'fmt' in project 'Pods'
        ➜ Explicit dependency on target 'glog' in project 'Pods'
    Target 'React-rendererconsistency' in project 'Pods' (no dependencies)
    Target 'React-jsitooling' in project 'Pods'
        ➜ Explicit dependency on target 'DoubleConversion' in project 'Pods'
        ➜ Explicit dependency on target 'RCT-Folly' in project 'Pods'
        ➜ Explicit dependency on target 'React-cxxreact' in project 'Pods'
        ➜ Explicit dependency on target 'React-jsi' in project 'Pods'
        ➜ Explicit dependency on target 'React-jsinspector' in project 'Pods'
        ➜ Explicit dependency on target 'React-jsinspectorcdp' in project 'Pods'
        ➜ Explicit dependency on target 'React-jsinspectortracing' in project 'Pods'
        ➜ Explicit dependency on target 'React-runtimeexecutor' in project 'Pods'
        ➜ Explicit dependency on target 'SocketRocket' in project 'Pods'
        ➜ Explicit dependency on target 'boost' in project 'Pods'
        ➜ Explicit dependency on target 'fast_float' in project 'Pods'
        ➜ Explicit dependency on target 'fmt' in project 'Pods'
        ➜ Explicit dependency on target 'glog' in project 'Pods'
    Target 'React-hermes' in project 'Pods'
        ➜ Explicit dependency on target 'DoubleConversion' in project 'Pods'
        ➜ Explicit dependency on target 'RCT-Folly' in project 'Pods'
        ➜ Explicit dependency on target 'React-cxxreact' in project 'Pods'
        ➜ Explicit dependency on target 'React-jsi' in project 'Pods'
        ➜ Explicit dependency on target 'React-jsiexecutor' in project 'Pods'
        ➜ Explicit dependency on target 'React-jsinspector' in project 'Pods'
        ➜ Explicit dependency on target 'React-jsinspectorcdp' in project 'Pods'
        ➜ Explicit dependency on target 'React-jsinspectortracing' in project 'Pods'
        ➜ Explicit dependency on target 'React-perflogger' in project 'Pods'
        ➜ Explicit dependency on target 'React-runtimeexecutor' in project 'Pods'
        ➜ Explicit dependency on target 'SocketRocket' in project 'Pods'
        ➜ Explicit dependency on target 'boost' in project 'Pods'
        ➜ Explicit dependency on target 'fast_float' in project 'Pods'
        ➜ Explicit dependency on target 'fmt' in project 'Pods'
        ➜ Explicit dependency on target 'glog' in project 'Pods'
        ➜ Explicit dependency on target 'hermes-engine' in project 'Pods'
    Target 'React-jsiexecutor' in project 'Pods'
        ➜ Explicit dependency on target 'DoubleConversion' in project 'Pods'
        ➜ Explicit dependency on target 'RCT-Folly' in project 'Pods'
        ➜ Explicit dependency on target 'React-cxxreact' in project 'Pods'
        ➜ Explicit dependency on target 'React-jsi' in project 'Pods'
        ➜ Explicit dependency on target 'React-jsinspector' in project 'Pods'
        ➜ Explicit dependency on target 'React-jsinspectorcdp' in project 'Pods'
        ➜ Explicit dependency on target 'React-jsinspectortracing' in project 'Pods'
        ➜ Explicit dependency on target 'React-perflogger' in project 'Pods'
        ➜ Explicit dependency on target 'React-runtimeexecutor' in project 'Pods'
        ➜ Explicit dependency on target 'SocketRocket' in project 'Pods'
        ➜ Explicit dependency on target 'boost' in project 'Pods'
        ➜ Explicit dependency on target 'fast_float' in project 'Pods'
        ➜ Explicit dependency on target 'fmt' in project 'Pods'
        ➜ Explicit dependency on target 'glog' in project 'Pods'
        ➜ Explicit dependency on target 'hermes-engine' in project 'Pods'
    Target 'React-cxxreact' in project 'Pods'
        ➜ Explicit dependency on target 'DoubleConversion' in project 'Pods'
        ➜ Explicit dependency on target 'RCT-Folly' in project 'Pods'
        ➜ Explicit dependency on target 'React-callinvoker' in project 'Pods'
        ➜ Explicit dependency on target 'React-cxxreact-React-cxxreact_privacy' in project 'Pods'
        ➜ Explicit dependency on target 'React-debug' in project 'Pods'
        ➜ Explicit dependency on target 'React-jsi' in project 'Pods'
        ➜ Explicit dependency on target 'React-jsinspector' in project 'Pods'
        ➜ Explicit dependency on target 'React-jsinspectorcdp' in project 'Pods'
        ➜ Explicit dependency on target 'React-jsinspectortracing' in project 'Pods'
        ➜ Explicit dependency on target 'React-logger' in project 'Pods'
        ➜ Explicit dependency on target 'React-perflogger' in project 'Pods'
        ➜ Explicit dependency on target 'React-runtimeexecutor' in project 'Pods'
        ➜ Explicit dependency on target 'React-timing' in project 'Pods'
        ➜ Explicit dependency on target 'SocketRocket' in project 'Pods'
        ➜ Explicit dependency on target 'boost' in project 'Pods'
        ➜ Explicit dependency on target 'fast_float' in project 'Pods'
        ➜ Explicit dependency on target 'fmt' in project 'Pods'
        ➜ Explicit dependency on target 'glog' in project 'Pods'
        ➜ Explicit dependency on target 'hermes-engine' in project 'Pods'
    Target 'React-logger' in project 'Pods'
        ➜ Explicit dependency on target 'DoubleConversion' in project 'Pods'
        ➜ Explicit dependency on target 'RCT-Folly' in project 'Pods'
        ➜ Explicit dependency on target 'SocketRocket' in project 'Pods'
        ➜ Explicit dependency on target 'boost' in project 'Pods'
        ➜ Explicit dependency on target 'fast_float' in project 'Pods'
        ➜ Explicit dependency on target 'fmt' in project 'Pods'
        ➜ Explicit dependency on target 'glog' in project 'Pods'
    Target 'React-jsinspector' in project 'Pods'
        ➜ Explicit dependency on target 'DoubleConversion' in project 'Pods'
        ➜ Explicit dependency on target 'RCT-Folly' in project 'Pods'
        ➜ Explicit dependency on target 'React-featureflags' in project 'Pods'
        ➜ Explicit dependency on target 'React-jsi' in project 'Pods'
        ➜ Explicit dependency on target 'React-jsinspectorcdp' in project 'Pods'
        ➜ Explicit dependency on target 'React-jsinspectornetwork' in project 'Pods'
        ➜ Explicit dependency on target 'React-jsinspectortracing' in project 'Pods'
        ➜ Explicit dependency on target 'React-oscompat' in project 'Pods'
        ➜ Explicit dependency on target 'React-perflogger' in project 'Pods'
        ➜ Explicit dependency on target 'React-runtimeexecutor' in project 'Pods'
        ➜ Explicit dependency on target 'SocketRocket' in project 'Pods'
        ➜ Explicit dependency on target 'boost' in project 'Pods'
        ➜ Explicit dependency on target 'fast_float' in project 'Pods'
        ➜ Explicit dependency on target 'fmt' in project 'Pods'
        ➜ Explicit dependency on target 'glog' in project 'Pods'
        ➜ Explicit dependency on target 'hermes-engine' in project 'Pods'
    Target 'React-runtimeexecutor' in project 'Pods'
        ➜ Explicit dependency on target 'DoubleConversion' in project 'Pods'
        ➜ Explicit dependency on target 'RCT-Folly' in project 'Pods'
        ➜ Explicit dependency on target 'React-debug' in project 'Pods'
        ➜ Explicit dependency on target 'React-featureflags' in project 'Pods'
        ➜ Explicit dependency on target 'React-jsi' in project 'Pods'
        ➜ Explicit dependency on target 'React-utils' in project 'Pods'
        ➜ Explicit dependency on target 'SocketRocket' in project 'Pods'
        ➜ Explicit dependency on target 'boost' in project 'Pods'
        ➜ Explicit dependency on target 'fast_float' in project 'Pods'
        ➜ Explicit dependency on target 'fmt' in project 'Pods'
        ➜ Explicit dependency on target 'glog' in project 'Pods'
    Target 'React-utils' in project 'Pods'
        ➜ Explicit dependency on target 'DoubleConversion' in project 'Pods'
        ➜ Explicit dependency on target 'RCT-Folly' in project 'Pods'
        ➜ Explicit dependency on target 'React-debug' in project 'Pods'
        ➜ Explicit dependency on target 'React-jsi' in project 'Pods'
        ➜ Explicit dependency on target 'SocketRocket' in project 'Pods'
        ➜ Explicit dependency on target 'boost' in project 'Pods'
        ➜ Explicit dependency on target 'fast_float' in project 'Pods'
        ➜ Explicit dependency on target 'fmt' in project 'Pods'
        ➜ Explicit dependency on target 'glog' in project 'Pods'
        ➜ Explicit dependency on target 'hermes-engine' in project 'Pods'
    Target 'React-jsinspectornetwork' in project 'Pods'
        ➜ Explicit dependency on target 'DoubleConversion' in project 'Pods'
        ➜ Explicit dependency on target 'RCT-Folly' in project 'Pods'
        ➜ Explicit dependency on target 'React-featureflags' in project 'Pods'
        ➜ Explicit dependency on target 'React-jsinspectorcdp' in project 'Pods'
        ➜ Explicit dependency on target 'React-performancetimeline' in project 'Pods'
        ➜ Explicit dependency on target 'React-timing' in project 'Pods'
        ➜ Explicit dependency on target 'SocketRocket' in project 'Pods'
        ➜ Explicit dependency on target 'boost' in project 'Pods'
        ➜ Explicit dependency on target 'fast_float' in project 'Pods'
        ➜ Explicit dependency on target 'fmt' in project 'Pods'
        ➜ Explicit dependency on target 'glog' in project 'Pods'
    Target 'React-performancetimeline' in project 'Pods'
        ➜ Explicit dependency on target 'DoubleConversion' in project 'Pods'
        ➜ Explicit dependency on target 'RCT-Folly' in project 'Pods'
        ➜ Explicit dependency on target 'React-featureflags' in project 'Pods'
        ➜ Explicit dependency on target 'React-jsinspectortracing' in project 'Pods'
        ➜ Explicit dependency on target 'React-perflogger' in project 'Pods'
        ➜ Explicit dependency on target 'React-timing' in project 'Pods'
        ➜ Explicit dependency on target 'SocketRocket' in project 'Pods'
        ➜ Explicit dependency on target 'boost' in project 'Pods'
        ➜ Explicit dependency on target 'fast_float' in project 'Pods'
        ➜ Explicit dependency on target 'fmt' in project 'Pods'
        ➜ Explicit dependency on target 'glog' in project 'Pods'
    Target 'React-perflogger' in project 'Pods'
        ➜ Explicit dependency on target 'DoubleConversion' in project 'Pods'
        ➜ Explicit dependency on target 'RCT-Folly' in project 'Pods'
        ➜ Explicit dependency on target 'SocketRocket' in project 'Pods'
        ➜ Explicit dependency on target 'boost' in project 'Pods'
        ➜ Explicit dependency on target 'fast_float' in project 'Pods'
        ➜ Explicit dependency on target 'fmt' in project 'Pods'
        ➜ Explicit dependency on target 'glog' in project 'Pods'
    Target 'React-jsinspectortracing' in project 'Pods'
        ➜ Explicit dependency on target 'DoubleConversion' in project 'Pods'
        ➜ Explicit dependency on target 'RCT-Folly' in project 'Pods'
        ➜ Explicit dependency on target 'React-oscompat' in project 'Pods'
        ➜ Explicit dependency on target 'React-timing' in project 'Pods'
        ➜ Explicit dependency on target 'SocketRocket' in project 'Pods'
        ➜ Explicit dependency on target 'boost' in project 'Pods'
        ➜ Explicit dependency on target 'fast_float' in project 'Pods'
        ➜ Explicit dependency on target 'fmt' in project 'Pods'
        ➜ Explicit dependency on target 'glog' in project 'Pods'
    Target 'React-timing' in project 'Pods'
        ➜ Explicit dependency on target 'React-debug' in project 'Pods'
    Target 'React-oscompat' in project 'Pods' (no dependencies)
    Target 'React-jsinspectorcdp' in project 'Pods'
        ➜ Explicit dependency on target 'DoubleConversion' in project 'Pods'
        ➜ Explicit dependency on target 'RCT-Folly' in project 'Pods'
        ➜ Explicit dependency on target 'SocketRocket' in project 'Pods'
        ➜ Explicit dependency on target 'boost' in project 'Pods'
        ➜ Explicit dependency on target 'fast_float' in project 'Pods'
        ➜ Explicit dependency on target 'fmt' in project 'Pods'
        ➜ Explicit dependency on target 'glog' in project 'Pods'
    Target 'React-featureflags' in project 'Pods'
        ➜ Explicit dependency on target 'DoubleConversion' in project 'Pods'
        ➜ Explicit dependency on target 'RCT-Folly' in project 'Pods'
        ➜ Explicit dependency on target 'SocketRocket' in project 'Pods'
        ➜ Explicit dependency on target 'boost' in project 'Pods'
        ➜ Explicit dependency on target 'fast_float' in project 'Pods'
        ➜ Explicit dependency on target 'fmt' in project 'Pods'
        ➜ Explicit dependency on target 'glog' in project 'Pods'
    Target 'React-jsi' in project 'Pods'
        ➜ Explicit dependency on target 'DoubleConversion' in project 'Pods'
        ➜ Explicit dependency on target 'RCT-Folly' in project 'Pods'
        ➜ Explicit dependency on target 'SocketRocket' in project 'Pods'
        ➜ Explicit dependency on target 'boost' in project 'Pods'
        ➜ Explicit dependency on target 'fast_float' in project 'Pods'
        ➜ Explicit dependency on target 'fmt' in project 'Pods'
        ➜ Explicit dependency on target 'glog' in project 'Pods'
        ➜ Explicit dependency on target 'hermes-engine' in project 'Pods'
    Target 'hermes-engine' in project 'Pods' (no dependencies)
    Target 'SocketRocket' in project 'Pods' (no dependencies)
    Target 'React-debug' in project 'Pods' (no dependencies)
    Target 'React-cxxreact-React-cxxreact_privacy' in project 'Pods' (no dependencies)
    Target 'React-callinvoker' in project 'Pods' (no dependencies)
    Target 'React-Core-React-Core_privacy' in project 'Pods' (no dependencies)
    Target 'RCTDeprecation' in project 'Pods' (no dependencies)
    Target 'FBLazyVector' in project 'Pods' (no dependencies)
    Target 'RCTRequired' in project 'Pods' (no dependencies)
    Target 'RCT-Folly' in project 'Pods'
        ➜ Explicit dependency on target 'DoubleConversion' in project 'Pods'
        ➜ Explicit dependency on target 'RCT-Folly-RCT-Folly_privacy' in project 'Pods'
        ➜ Explicit dependency on target 'boost' in project 'Pods'
        ➜ Explicit dependency on target 'fast_float' in project 'Pods'
        ➜ Explicit dependency on target 'fmt' in project 'Pods'
        ➜ Explicit dependency on target 'glog' in project 'Pods'
    Target 'glog' in project 'Pods'
        ➜ Explicit dependency on target 'glog-glog_privacy' in project 'Pods'
    Target 'glog-glog_privacy' in project 'Pods' (no dependencies)
    Target 'fmt' in project 'Pods' (no dependencies)
    Target 'fast_float' in project 'Pods' (no dependencies)
    Target 'boost' in project 'Pods'
        ➜ Explicit dependency on target 'boost-boost_privacy' in project 'Pods'
    Target 'boost-boost_privacy' in project 'Pods' (no dependencies)
    Target 'RCT-Folly-RCT-Folly_privacy' in project 'Pods' (no dependencies)
    Target 'DoubleConversion' in project 'Pods' (no dependencies)

GatherProvisioningInputs

CreateBuildDescription

ExecuteExternalTool /Applications/Xcode.app/Contents/Developer/Toolchains/XcodeDefault.xctoolchain/usr/bin/clang -v -E -dM -arch arm64 -isysroot /Applications/Xcode.app/Contents/Developer/Platforms/iPhoneOS.platform/Developer/SDKs/iPhoneOS26.1.sdk -x c++ -c /dev/null

ExecuteExternalTool /Applications/Xcode.app/Contents/Developer/Toolchains/XcodeDefault.xctoolchain/usr/bin/clang -v -E -dM -arch arm64 -isysroot /Applications/Xcode.app/Contents/Developer/Platforms/iPhoneOS.platform/Developer/SDKs/iPhoneOS26.1.sdk -x objective-c -c /dev/null

ExecuteExternalTool /Applications/Xcode.app/Contents/Developer/Toolchains/XcodeDefault.xctoolchain/usr/bin/clang -v -E -dM -isysroot /Applications/Xcode.app/Contents/Developer/Platforms/iPhoneOS.platform/Developer/SDKs/iPhoneOS26.1.sdk -x c -c /dev/null

ExecuteExternalTool /Applications/Xcode.app/Contents/Developer/Toolchains/XcodeDefault.xctoolchain/usr/bin/clang -v -E -dM -arch arm64 -isysroot /Applications/Xcode.app/Contents/Developer/Platforms/iPhoneOS.platform/Developer/SDKs/iPhoneOS26.1.sdk -x objective-c++ -c /dev/null

ExecuteExternalTool /Applications/Xcode.app/Contents/Developer/Toolchains/XcodeDefault.xctoolchain/usr/bin/clang -v -E -dM -arch arm64 -isysroot /Applications/Xcode.app/Contents/Developer/Platforms/iPhoneOS.platform/Developer/SDKs/iPhoneOS26.1.sdk -x c -c /dev/null

ExecuteExternalTool /Applications/Xcode.app/Contents/Developer/Toolchains/XcodeDefault.xctoolchain/usr/bin/libtool -V

ExecuteExternalTool /Applications/Xcode.app/Contents/Developer/Toolchains/XcodeDefault.xctoolchain/usr/bin/swiftc --version

ExecuteExternalTool /Applications/Xcode.app/Contents/Developer/Toolchains/XcodeDefault.xctoolchain/usr/bin/clang -v -E -dM -arch arm64 -isysroot /Applications/Xcode.app/Contents/Developer/Platforms/iPhoneOS.platform/Developer/SDKs/iPhoneOS26.1.sdk -x assembler-with-cpp -c /dev/null

ExecuteExternalTool /Applications/Xcode.app/Contents/Developer/usr/bin/actool --version --output-format xml1

ExecuteExternalTool /Applications/Xcode.app/Contents/Developer/usr/bin/ibtool --version --output-format xml1

ExecuteExternalTool /Applications/Xcode.app/Contents/Developer/usr/bin/actool --print-asset-tag-combinations --output-format xml1 /Users/varsityhub/Desktop/CODE/VarsityHubMobile/ios/VarsityHub/Images.xcassets

ExecuteExternalTool /Applications/Xcode.app/Contents/Developer/Toolchains/XcodeDefault.xctoolchain/usr/bin/ld -version_details

Build description signature: 111fc4f0d1af0409f65cf0f75a37d1bd
Build description path: /Users/varsityhub/Library/Developer/Xcode/DerivedData/VarsityHub-eldpkifpumczeeehsjkxfbsttygg/Build/Intermediates.noindex/XCBuildData/111fc4f0d1af0409f65cf0f75a37d1bd.xcbuilddata
/Users/varsityhub/Desktop/CODE/VarsityHubMobile/ios/VarsityHub.xcodeproj: error: Provisioning profile "iOS Team Provisioning Profile: com.xsantcastx.varsityhub" doesn't include the currently selected device "MacBook Pro (3)" (identifier 00006000-001250EC0CD8801E). (in target 'VarsityHub' from project 'VarsityHub')
note: Run script build phase '[Expo] Configure project' will be run during every build because the option to run the script phase "Based on dependency analysis" is unchecked. (in target 'VarsityHub' from project 'VarsityHub')
note: Run script build phase 'Bundle React Native code and images' will be run during every build because the option to run the script phase "Based on dependency analysis" is unchecked. (in target 'VarsityHub' from project 'VarsityHub')
note: Run script build phase '[CP-User] Generate app.config for prebuilt Constants.manifest' will be run during every build because the option to run the script phase "Based on dependency analysis" is unchecked. (in target 'EXConstants' from project 'Pods')
/Users/varsityhub/Desktop/CODE/VarsityHubMobile/ios/Pods/Pods.xcodeproj: warning: The iOS deployment target 'IPHONEOS_DEPLOYMENT_TARGET' is set to 11.0, but the range of supported deployment target versions is 12.0 to 26.1.99. (in target 'Sentry-Sentry' from project 'Pods')
warning: Run script build phase '[CP-User] Generate updates resources for expo-updates' will be run during every build because it does not specify any outputs. To address this issue, either add output dependencies to the script phase, or configure it to run in every build by unchecking "Based on dependency analysis" in the script phase. (in target 'EXUpdates' from project 'Pods')
warning: Run script build phase '[CP-User] [Hermes] Replace Hermes for the right configuration, if needed' will be run during every build because it does not specify any outputs. To address this issue, either add output dependencies to the script phase, or configure it to run in every build by unchecking "Based on dependency analysis" in the script phase. (in target 'hermes-engine' from project 'Pods')
note: Run script build phase '[CP-User] [RN]Check FBReactNativeSpec' will be run during every build because the option to run the script phase "Based on dependency analysis" is unchecked. (in target 'React-RCTFBReactNativeSpec' from project 'Pods')
/Users/varsityhub/Desktop/CODE/VarsityHubMobile/ios/Pods/Pods.xcodeproj: warning: The iOS deployment target 'IPHONEOS_DEPLOYMENT_TARGET' is set to 11.0, but the range of supported deployment target versions is 12.0 to 26.1.99. (in target 'react-native-maps-ReactNativeMapsPrivacy' from project 'Pods')
/Users/varsityhub/Desktop/CODE/VarsityHubMobile/ios/Pods/Pods.xcodeproj: warning: The iOS deployment target 'IPHONEOS_DEPLOYMENT_TARGET' is set to 9.0, but the range of supported deployment target versions is 12.0 to 26.1.99. (in target 'SDWebImage-SDWebImage' from project 'Pods')
** BUILD FAILED **


The following build commands failed:
	Building workspace VarsityHub with scheme VarsityHub and configuration Debug
(1 failure)
